id,khmer_text
1,សាលារៀន
2,ខ្មៅដៃ
3,ធ្នើរសៀវភៅ
4,ក្រវិល
5,កុំព្យូទ័រ
6,អាវ
7,ដបទឹក
8,កៅអី
9,ទូរស័ព្ទ
10,តុ
11,ចង្កៀង
12,ស្រោមជើង
13,កន្សែង
14,ជ័រលុប
15,ហ្វឺត
16,ប្រដាប់ក្មេងលេង
17,ធញ្ញជាតិ
18,ទឹកដោះគោ
19,នំប៉័ង
20,ប៊ឺ
21,យៈសាពូនមី
22,ស៊ុត
23,ក្រដាសបង្គន់
24,សាប៊ូ
25,សាប៊ូកក់សក់
26,ក្រែមបន្ទន់
27,កាំបិត​កោរ
28,ថ្នាំបំបាត់ក្លិន
29,ច្រាសដុសធ្មេញ
30,ថ្នាំដុសធ្មេញ
31,ប្រអប់សាប៊ូ
32,ខ្នើយ
33,ភួយ
34,ពូក
35,នាឡិការោទិ៍
36,វិទ្យុ
37,ទូរទស្សន៍
38,កាសស្តាប់ត្រចៀក
39,ហ្គីតា
40,ស្គរ
41,ថូ
42,ស៊ុមរូបភាព
43,ប្រតិទិន
44,ប៊ិច
45,សៀវភៅកត់ត្រា
46,ប្រដាប់គិប
47,កន្ត្រៃ
48,កាសែត
49,បន្ទាត់
50,កាវ
52,ជ័រលុប
53,សៀវភៅកត់ត្រា
54,ក្រដាសចង
55,ឯកសារ
56,ថតឯកសារ
57,ទូឯកសារ
58,តុ
60,កុំព្យូទ័រយួរដៃ
61,ម៉ាស៊ីនបោះពុម្ព
62,ម៉ាស៊ីនស្កេន
63,កណ្ដុរ
64,ក្តារចុច
65,ម៉ូនីទ័រ
66,អ្នកនិយាយ
68,ឆ្នាំងសាកទូរស័ព្ទ
69,ខ្សែភ្លើង
70,រន្ធដោត
71,ច្រកចេញ
72,ខ្សែបន្ថែម
73,ខ្សែ
74,ខ្សែ
75,ក្រណាត់​ប៉ាក់
76,វាំងនន
77,វាំងនន
78,វាំងននងូតទឹក
79,ធ្នើរកន្សែង
80,ម៉ាស៊ីន​ចែកចាយ​សាប៊ូ
81,ធុងសំរាម
82,ធុងសំរាមកែច្នៃឡើងវិញ
83,បាល់បោះ
84,បាល់ទាត់
85,បេស្បល
86,បាល់ទន់
87,បាល់ទះ
88,បាល់​ទាត់
89,រង្វង់
90,ចិញ្ចៀន
91,បាល់​
92,ស្រោមដៃ
93,មួក
94,ក្រមា
95,ស្រោមដៃ
96,ឆ័ត្រ
97,អាវភ្លៀង
98,អាវធំ
99,ស្បែកជើង
100,ថតស្រោមជើង
101,អ្នករៀបចំទូខោអាវ
102,ឧបសគ្គ
103,កន្ត្រកបោកគក់
104,ម៉ាស៊ីនសម្ងួត
105,ម៉ាស៊ីនបោកគក់
106,ម៉ាស៊ីនលាងចាន
107,ម៉ាស៊ីនអាំងនំប៉័ង
108,ទូរទឹកកក
109,មីក្រូវ៉េវ
110,ឡ
111,ចង្ក្រាន
112,លិច
113,ក្បាលម៉ាស៊ីនទឹក
114,បង្គន់
115,ក្បាលផ្កាឈូក
116,អាងងូតទឹក
117,កញ្ចក់
118,បង្អួច
119,ទ្វារ
120,ផ្លែប៉ោម
124,សាឡុង
128,ទឹក
129,ដប
131,សោរ
138,ក្លីបក្រដាស
139,គ្រឿងសង្ហារិម
140,ម៉ាស៊ីនគិតលេខ
145,សាឡុង
147,កាហ្វេ
148,កែវ
149,ពែង
150,ចាន
151,សម
152,ស្លាបព្រា
153,កាំបិត
157,ទូរទឹកកក
159,ទូរទស្សន៍
160,ពីចម្ងាយ
161,ឧបករណ៍បញ្ជា
163,ខ្សែអក្សរ
164,ព្យាណូ
165,ក្តារចុច
168,កាសស្តាប់ត្រចៀក
169,មើល
170,នាឡិកា
173,ទៀន
174,រូបភាព
175,ស៊ុម
176,កំរាលព្រំ
177,កម្រាល
178,ខ្នើយ
179,ភួយ
180,សន្លឹក
182,ក្រណាត់
187,ជក់
188,សិតសក់
189,ម៉ាស៊ីនសម្ងួតសក់
191,ការកោរសក់
192,ក្រែម
193,ក្រែមលាបមាត់
194,ការតុបតែងមុខ
196,បង្រួម
197,ម្សៅ
198,ជក់
199,ថ្នាំលាបក្រចក
201,សៀវភៅ
202,រថយន្ត
207,ស៊ុត
208,ផ្កា
213,ក្រដាស
219,គ្រែ
220,ទូខោអាវ
221,ធ្នើរ
236,ត្រប់
237,ត្រសក់
238,ការ៉ុត
239,ម្ទេស
240,ប៉េងប៉ោះ
241,ដំឡូង
242,ខ្ទឹមបារាំង
243,ខ្ទឹមស
244,សាឡាត់
245,ស្ពៃខ្មៅ
246,ស្ពៃក្តោប
247,ផ្លែឆឺរី
248,ផ្លែស្ត្របឺរី
249,ចេក
250,ពណ៌ទឹកក្រូច
251,ក្រូចថ្លុង
252,ផ្លែពែរ
253,សណ្តែក
254,ពោត
255,សណ្តែក
256,អង្ករ
257,ប៉ាស្តា
258,សាឡាដ
260,ចាន
262,កញ្ចក់
263,ពាង
264,ប្រអប់
265,កាបូប
266,ស្រោមសំបុត្រ
267,កញ្ចប់
268,ខាងជើង
269,ភាគពាយ័ព្យ
270,ខាងលិច
271,ភាគនិរតី
272,ខាងត្បូង
273,ភាគអាគ្នេយ៍
274,ខាងកើត
275,ភាគឦសាន
276,សៅ ជា
277,ស្បោង ចន្ថា
278,ឆោម សារិទ្ធ
279,ទាវ រតនា
280,ដាញ់ ងិន
281,សម វណ្ណា
282,សុន សាំភេះ
283,សោម ម៉េង
284,ងិន ណាត់
285,ឡាយ ពិសិដ្ឋ
286,សៅ រ៉ន
287,ឱ ផល្លា
288,សេន វណ្ណា
289,សរ រស្មី
290,សៅ ជឿត
291,សឺន រតនា
292,ឆាយ ភារៈ
293,តាង ពាង់
294,ដួង ពិជ
295,ចុក សៀន
296,ងិន យ៉ាន
297,ជាម មាស
298,សិន សេង
299,កែប ទិព្វសព្ទ
300,មូល វឌ្ឍនា
301,ទូច ព្រះ
302,ស៊ន សារិទ្ធ
303,ហុក ចាន់ធី
304,ឱ ង៉ុយ
305,សូ លក្ស្មី
306,អ៊ុំ សោភា
307,មួយ លី
308,ជិន សូរិយា
309,សិន សុជាតា
310,សរ ភាក្គ្លី
311,ស៊ី សំណាង
312,ដួង ឈិត
313,ឌួង លីនដា
314,ឌុល ហាន់
315,រស់ កែវមនី
316,ឱក ស៊ីណា
317,ចន្ទ ទេព
318,ភី កែវមនី
319,ឈឹម កែវ
320,ប៉ុក សម្បត្តិ
321,រួយ ធា
322,ដាញ់ សេង
323,សេង សំ
324,លិម ចន្ថា
325,ស៊ន វណ្ណា
326,ក្រម ពាង់
327,សាត សម្បត្តិ
328,អ៊ុយ ណាត់
329,មូល សុផាត
330,ឡាយ អន
331,ជី សំណាង
332,សួន វាសនា
333,សឿង ចាន់ណា
334,អ៊ុំ ទូច
335,ចេន ចំប៉ី
336,សៀង វណ្ណា
337,ហុង ជឿត
338,នី ម៉ូនីកា
339,សែន រៅំឌើល
340,សែន ទឹក
341,តាំង សុធី
342,លី រ៉ន
343,ដួង ស៊ីវន
344,ឡាយ រ៉ន
345,មួយ សាត
346,ជិន ណែន
347,មូល សុមេធា
348,ឃាង សារិទ្ធ
349,ប៉ាង ស៊ីន
350,លិម សេង
351,វង្ស សុផល
352,ទូច សុខ
353,លីម កែវ
354,សឺន សារឿន
355,រ៉ន រឿន
356,ឈិន សមាត្រ
357,ហ៊ឹម ប៊ុន
358,ក្រម ឡុង
359,ស្រី ណាត់
360,លន់ លីហ្សា
361,សន រតនា
362,លី ម៉ៅ
363,អ៊ូ ទូច
364,យស់ ស្រីនួន
365,អ៊ុច ឫទ្ធិ
366,គួច សាវ៉េត
367,សឿង ស្រីនួន
368,អិម វណ្ណា
369,សៅ ម៉ម
370,ប៊ុន សាម៉ន
371,រស់ រ៉ន
372,សាត សំណាង
373,ជ័យ ទូច
374,ឱម ស៊ីណាត
375,ជាម ចិន្តា
376,លីម សាំភេះ
377,ឌួង សំ
378,ឱ សាវឿន
379,រ៉េត សារ៉េត
380,ក្រម ផល្លា
381,អ៊ូ ឈូក
382,ទាវ កែវមនី
383,ឈិត និស្ស័យ
384,ហ៊ុន គឹម
385,សែន និមល
386,ផាន ឈូករតន៍
387,ឈិន បូណ៌មី
388,កាំង បទុម
389,អៀវ ហ៊ិន
390,ទី សារឿន
391,ស្រី ងិន
392,ឆន សុភា
393,ឈិត រិន
394,សម សារឿន
395,មូល ច័ន្ទមុនី
396,សេង ធារី
397,សង មណី
398,ជា សារឿន
399,ពិជ ទូច
400,យុន សូរិយា
401,អ៊ូ បញ្ញា
402,ស៊ន ហ៊ឹម
403,រ៉ន ងិន
404,ខាត់ បទុម
405,សាន់ ពិរុណ
406,ហ៊ិន សម្ផស្ស
407,ឌួង ហ៊ិន
408,រស់ លាង
409,កាំង អម្ពរ
410,អិម ណាត់
411,ស៊ន វាសនា
412,រ៉ន ទឹក
413,ឈឹម សុវណ្ណា
414,រ៉ន មណី
415,ស រិន
416,ថៃ ចិន្តា
417,ខាត់ ទូច
418,សាន ក្រម
419,ហុក សារិន
420,កឹម សុជាតា
421,សង សែកា
422,ចុក កែវ
423,មាន រ៉ាយ
424,សម រតនា
425,សង លក្ស្មី
426,ខៀវ មណី
427,អ៊ូ សឺម៉ន
428,ឃីម ង៉ុយ
429,ស្បោង សាវ៉េត
430,ចាប ស៊ីណាត
431,ឆាយ សុគន្ធ
432,កែប វណ្ណា
433,ម៉ាក ម៉ាលី
434,យុន ចាន់ណា
435,ឱម ហុក
436,អិម ចន្ថា
437,លីម យ៉ាន
438,ចន្ទ វណ្ណា
439,អិម លី
440,សុខ វុឌ្ឍី
441,កែប គឹម
442,មាន សារិទ្ធ
443,មាស សុជាតា
444,ស៊ុយ សុខ
445,ឌួង ផល្លា
446,ជី គឹម
447,ទេព សោភា
448,ខាយ ម៉ូនីកា
449,សោម សង
450,ខាត់ ចំរើន
451,ស៊ន ហេង
452,ចាប សូនីតា
453,ស សាំភេះ
454,ទិត្យ សំ
455,យស់ សម្ផស្ស
456,លីវ ស្រីមុំ
457,សង ជា
458,កែវ កែវ
459,រស់ ណែន
460,សៀង នី
461,សៀង កុសល
462,អុង ម៉ូនីកា
463,ទេព រូ
464,តាំង សាវឿន
465,ឆាយ តារា
466,វ៉ាង ទូច
467,អ៊ូ រង្សី
468,តក់ សំ
469,កូយ រ៉េត
470,ជឹម សុខ
471,សរ វិជ្ជរ៉ា
472,វ៉ាង ប៊ុនហេង
473,ឌិន សឺម៉ន
474,មួយ អ៊ូ
475,មាន ភួង
476,ម៉ៅ សុភក្ត្រ
477,តាត បញ្ញា
478,ដាញ់ សារឿន
479,សេន សុទ្ធា
480,សេន លី
481,ស្បោង រៅំឌើល
482,ស្រី សង
483,កឹម សូនីតា
484,កែប ជា
485,អិម វណ្ណា
486,ឃាង សោភា
487,ស៊ី រូ
488,ចុក ឈិត
489,តូច ឫទ្ធិ
490,ឈិន កុសល
491,សាន់ លុយ
492,កែវ សេង
493,ឱក ធារី
494,សៀង សឺម៉ន
495,សន សៀន
496,ឆន សៀន
497,វង្ស សំណាង
498,ឈិន សាវឿន
499,យស់ ភាក្គ្លី
500,ចន្ទ ស៊ីវន
501,ពេជ្រ សុខា
502,ណាត់ សម្រិត
503,វ៉ាង រតនា
504,ហ៊ុន ឈិត
505,យូ កុសល
506,ឆន អ៊ូ
507,មេង បុប្ផា
508,សរ ឈិត
509,រួយ សីម៉ា
510,តាង សារឿន
511,ស៊ន រតនា
512,រស់ សិរី
513,ស៊ុយ ស្រីនាង
514,ឱម ទុយ
515,លីម វុឌ្ឍី
516,សរ សុភាព
517,ថៃ ស៊ីន
518,សាត បញ្ញា
519,ហុក ដានី
520,សាយ សមាត្រ
521,ណាត់ ចន្ថា
522,ជឹម វណ្ណា
523,រ៉ន ថាត់
524,អ៊ុយ ពាង់
525,ស សាវ៉េត
526,ឱក វណ្ណា
527,កូយ សេង
528,សាន សារុន
529,ហ៊ិន សាត
530,មូល លុយ
531,ថន កុសល
532,ស៊ន វុឌ្ឍី
533,ប៉ែន អន
534,មួយ កែវ
535,អុង កញ្ញា
536,ឆន សុខ
537,ឌួង ពិរុណ
538,អ៊ុយ លំអង
539,ឌុល ហេង
540,យស់ សុភក្ត្រ
541,ជឹម ម៉ាឡាន
542,អ៊ុំ ពិជ
543,សៀង ហេង
544,ឌិត គិត
545,ខាត់ ឈួន
546,ឌុល បុប្ផា
547,ហាក់ ភារៈ
548,មួយ រ៉ន
549,តូច សោភា
550,ស ធាន
551,ប៉ុក លក្ស្មី
552,ថៃ សាវ៉ាន់
553,តាត ណែន
554,អិម សាត
555,ឱ ច័ន្ទមុនី
556,ង៉ុយ ស្រីនាថ
557,ឆន រង្សី
558,រ៉េត ទេព
559,ឱក រូ
560,ផាន ហៀក
561,អាង លុយ
562,វ៉េត ពិសាល
563,អ៊ូ ទិព្វសព្ទ
564,ឈិត ពាង់
565,ទី ស៊ីន
566,ទូច ស្រីនាង
567,ជាម សំ
568,ឈិត ធាន
569,សិន ពិសិដ្ឋ
570,ឆន រ៉ន
571,សម ងិន
572,ខៀវ ម៉ាលីស
573,មា ភាក្គ្លី
574,ឆាយ ហ៊ឹម
575,ជា គឹម
576,ឆន ស្រីនិច
577,សឺន រ៉ន
578,ជ័យ រ៉ាយ
579,ហ៊ិន និមល
580,មាស ស៊ីណា
581,ស សារឿន
582,ស៊ុយ ថាត់
583,អៀវ សុវណ្ណា
584,តក់ សំណាង
585,ង៉ុយ សាមៀន
586,ហូ ឫទ្ធិ
587,ផាន វណ្ណា
588,ស៊ុន ចិន្តា
589,ប៉ែន និមល
590,ទូច និសា
591,ឃាង ស៊ីន
592,ឡាយ និមល
593,មាស ចំរើន
594,រស់ សោភា
595,យូ គឹម
596,សន ហាន់
597,ឱម រស់
598,ទុំ គុន្ធា
599,មា ប៉ែន
600,សេង ចាង
601,ឈិន សម្បត្តិ
602,ហួយ ហាន់
603,កឹម វណ្ណា
604,អ៊ុច កុម្ភៈ
605,សៅ រិន
606,វ៉ាង ណារ៉ុង
607,មាន ទុយ
608,មាស ស្រីនួន
609,ដួង ភារៈ
610,ស៊ន សុខ
611,រស់ ឈិត
612,ឆន ឆោម
613,ប៉ែន ហ៊ិន
614,សាយ ដានី
615,សាង និស្ស័យ
616,ប៉ុក ណាត់
617,ឈឹម ស៊ីន
618,ប៉ែន ផាល្លេះ
619,ទេព ណារ៉ុង
620,កែប មាស
621,វង្ស សារិទ្ធ
622,ឯក សារុន
623,ក្រម សោភា
624,កែវ សោភា
625,សេង សារុន
626,ហេង ម៉ូនីកា
627,កែប វីឈៀត
628,ជិន សាវ៉ាន់
629,ហុក សុភក្ត្រ
630,ស៊ន សុភក្ត្រ
631,ជិន ណារី
632,ស៊ីន ពិជ
633,មា ស្រីនាថ
634,ឈឹម សំណាង
635,សុង សាំភេះ
636,យស់ ឈួន
637,ឡុង ច័ន្ទមុនី
638,មេង ចិន្តា
639,ស សុខ
640,រ៉េត ភាក្គ្លី
641,លន់ ស្រីនិច
642,ស៊ីន សារិទ្ធ
643,ទឹក គិត
644,ជា សុភា
645,កែប សែកា
646,ស៊ីន សោភា
647,ឱ ហុក
648,សៀង សាម៉ន
649,អុង ចិន្តា
650,សម គឹម
651,លីម សុភក្ត្រ
652,អៀម សុជាត
653,គួច បូណ៌មី
654,រ៉ន ច័ន្ទមុនី
655,រស់ រដ្ឋា
656,សង និសា
657,ទី សុភក្ត្រ
658,សាង ឯក
659,អៀម វាសនា
660,លី ភួង
661,សន សុគន្ធ
662,ពិជ ណារ៉ុង
663,សាន ចាន់ណា
664,ឱម សោភា
665,ស៊ីន វីរៈ
666,មេង ពៅ
667,សាយ សុខ
668,ខាយ សាវ៉េត
669,គឹម សុខ
670,យស់ វិជ្ជរ៉ា
671,សន សម្រិត
672,ឌួង សុភា
673,សឿង វណ្ណា
674,ឃាង សូនីតា
675,រ៉េត វណ្ណា
676,កាំង ចំប៉ី
677,សង សាវឿន
678,ស ស៊ីន
679,ប៉ុក សារឿន
680,ស៊ុន ឡុង
681,គ្រី ចន្ទនារី
682,ឱក សារឿន
683,អ៊ុច នួន
684,សុខ បុប្ផា
685,មា សុភា
686,ហ៊ឹម សារ៉េត
687,ទូច ដានី
688,សម ចន្ទ
689,រស់ ចំរើន
690,ង៉ុយ ខេមរៈ
691,ប៉ែន សុផាត
692,ម៉ាក ពៅ
693,ចេន សាន
694,អ៊ុំ ដានី
695,ស្រី សាន
696,ទូច ទូច
697,ឆោម សុភក្ត្រ
698,ឃិន ឈួន
699,ដាញ់ លាង
700,សម ជា
701,ជឹម ភារៈ
702,គឹម សីហា
703,ជិន ផាល្លេះ
704,យូ ដានី
705,អុង ថាត់
706,សរ សារឿន
707,ទាវ ចិន្តា
708,សាយ ស៊ីណា
709,សាត បូណ៌មី
710,ងួន សាមៀន
711,ងួន រដ្ឋា
712,អិម សាំភេះ
713,មួយ វិទូ
714,សុន ទូច
715,សែន ពិរុណ
716,ហេង សូរិយា
717,ចុក សុខា
718,អុង ធាន
719,ងួន ធី
720,គ្រី ស្រីនាថ
721,សួន ដានី
722,សង ជ័យ
723,ស៊ីន ក្រយ៉ា
724,ចាប សុភា
725,មាន រតនា
726,មួយ ចន្ទ
727,ដាញ់ ពិសិដ្ឋ
728,ហួយ ស៊ីន
729,ឈិត ពិសី
730,អ៊ុយ ចំរើន
731,សេន សោភា
732,លីម សម្បត្តិ
733,សេង ឈួន
734,ស ហ៊ឹម
735,ស៊ី ម៉ូនីកា
736,ស៊ុយ ចន្ថា
737,សាយ វាសនា
738,ឈឹម ពាង់
739,ស៊ន សៀន
740,នី លីហ្សា
741,រស់ សាម៉ន
742,មា ពិរុណ
743,ឱក ឡេង
744,មា ទេព
745,ណាត់ លក្ស្មី
746,យស់ ស៊ី
747,ប៉ុក វណ្ណា
748,ចាន់ ធាន
749,កូយ ស្រីនារ
750,លន់ ហាន់
751,តក់ ម៉ាលីន
752,ដួង ណាត់
753,លិម ឆោម
754,ឌី យ៉ាន
755,សិន គឹមលា
756,ចេង និស្ស័យ
757,ស៊ុន មាស
758,ខៀវ រដ្ឋា
759,លន់ សាត
760,សោម វណ្ណា
761,ស៊ន ពៅ
762,សុន ម៉ាលីន
763,ឈិត សុទ្ធា
764,សរ ភារៈ
765,ឱក ញាន
766,ឌុល ក្រម
767,ហួយ ប៊ុនហេង
768,សាយ ចន្ថា
769,អៀវ រស់
770,សុន មាស
771,ដាញ់ វឌ្ឍនា
772,ឯក សូហ្វី
773,អុង សាកងៀ
774,រស់ ប៊ុន
775,ស្បោង សោភា
776,ម៉ាក សាម៉ន
777,ណាត់ និមល
778,កែវ ម៉ូនីកា
779,ញឹក សោភា
780,សែន វាសនា
781,អ៊ូ សិទ្ធិស័ក្តិ
782,ផាន សុគន្ធា
783,អុង រិន
784,អ៊ុយ ជា
785,ស៊ន ហុក
786,សូ ផា
787,ហូ គឹម
788,យុន ពិជ័យ
789,សម ធា
790,ឆន ចន្ទ
791,ចាប គឹម
792,ពិជ ឱក
793,វ៉ាង សិរី
794,រ៉េត ខេម
795,ទូច ម៉ម
796,ឆោម ស៊ីណា
797,ឈឹម សុភក្ត្រ
798,ជ័យ ក្រម
799,សុង សាម៉ន
800,ស៊ុយ ក្រយ៉ា
801,ចុក សុជាត
802,ហូ សុភា
803,ឈិត ចាន់ណា
804,តាំង ជា
805,ថន វិជ្ជរ៉ា
806,គឹម យ៉ាន
807,ឆាយ ប៉ែន
808,កឹម សុខ
809,រ៉េត ណាត់
810,កឹម សុខា
811,លិម សុវណ្ណា
812,សាយ ផល្លា
813,កាំង ខាន់
814,ស៊ុន ចិន្ដា
815,គ្រី សុម៉ាលី
816,សេន លុយ
817,ឱក ស្បោង
818,តូច សំណាង
819,ខ្លូត សិរី
820,វង្ស សាវឿន
821,អិម អ៊ូ
822,គួច គិត
823,ថៃ មណី
824,ឆន ភួង
825,គឹម ប៊ុន
826,ស្រី ងួន
827,រួយ ងិន
828,មាន សុខ
829,ចេន សារិទ្ធ
830,តក់ សុខ
831,សិន សារិទ្ធ
832,អ៊ុំ ខេមរៈ
833,សាត ពៅ
834,សោម សាវឿន
835,កែវ រ៉ន
836,គ្រី សិរី
837,វ៉េត ធាន
838,ឃីម ឈិត
839,ពេជ្រ ពិសិដ្ឋ
840,សង សុភក្ត្រ
841,ឱក ដារា
842,តូច ខេម
843,ឃិន រិន
844,ដួង ឧសភា
845,ឃីម សុមេធា
846,ឈិន ញាន
847,ចន្ទ សាវឿន
848,អិម លីហ្សា
849,លីម សៀន
850,សិន ស្រីនួន
851,លីវ ចន្ថា
852,វ៉េត ផ្កា
853,លិម សាម៉ន
854,ភី អន
855,រស់ ដែវី
856,ទូច ទិព្វសព្ទ
857,លិម សាំភេះ
858,រ៉ន ចន្ថា
859,ចេន រឿន
860,មួយ ថាត់
861,ចុក និសា
862,ជឹម ម៉ៅ
863,អិម សម្រិត
864,ស ព្រះ
865,ទូច សារឿន
866,អ៊ុំ ខាន់
867,ពិជ គុន្ធា
868,ម៉ៅ គុន្ធា
869,គួច រតនា
870,ស៊ុយ សំ
871,អៀម ដានី
872,អាង វណ្ណា
873,រស់ សុខ
874,ណាត់ ចន្ថា
875,អិម សុគន្ធា
876,សួន សារុន
877,ពិជ ម៉ូនីកា
878,ហូ កែវ
879,ជ័យ ស្រីពេជ្រ
880,អិម ឧសភា
881,សាន់ ណារ៉ុង
882,ម៉ៅ សុខា
883,រ៉ន ស្រីមុំ
884,ស៊ន ចន្ថា
885,ប៊ុន សុភា
886,សោម ងួន
887,សម សឺម៉ន
888,សិន សោភ័ណ
889,ខាត់ ចំណាន
890,ឆាយ រង្សី
891,ចុក ក្រយ៉ា
892,សុង សាត
893,ខាយ មណី
894,រួយ លាង
895,មូល សិរី
896,សៀង ម៉ម
897,ឈិត សិរី
898,មាន តុលា
899,ងួន សិរី
900,កឹម អ៊ូ
901,អិម លក្ស្មី
902,តាង សុខ
903,ហុក ចំរើន
904,សឺន ចន្ថា
905,សុង រស្មី
906,សៀង ធារី
907,ឡាយ សម្ផស្ស
908,ឃីម សាវឿន
909,លីម ពិសិដ្ឋ
910,សេន ចំរើន
911,ពិជ រិន
912,ឆោម គឹម
913,ដាញ់ សារឿន
914,ហ៊ិន សុខ
915,មូល សមសួន
916,មាស សុភ័ក្រ្ត
917,ជិន ចាន់ធី
918,ស៊ន សារឿន
919,ស៊ុន វិទូ
920,សេង សារុន
921,ហុក អន
922,ជ័យ ណាន
923,លិម ផាល្លេះ
924,ប៉ុក សុជាតា
925,រស់ រិន
926,ឆោម សុខា
927,ទាវ ស៊ី
928,ឃាង សុគន្ធ
929,ជី ដារា
930,ងួន លំអង
931,ទិត្យ បទុម
932,ឈិត ធារិទ្ធ
933,ធី បទុម
934,តក់ វណ្ណា
935,ធី រដ្ឋា
936,ដួង សារ៉េត
937,ម៉ៅ ចិន្តា
938,អៀវ សុភក្ត្រ
939,ប៉ែន ម៉ៅ
940,សិន ឫទ្ធិ
941,ស វណ្ណា
942,សរ ផាន
943,ឆោម ចន្ថា
944,តាំង ឡេង
945,ខ្លូត សុគន្ធ
946,ស៊ុយ រ៉េត
947,កឹម ធាន
948,សាន ធាន
949,ហួយ សំ
950,ស៊ូ ម៉ាលីស
951,មេង ពិជ
952,សួន ផា
953,យស់ រ៉េត
954,ហាក់ ពិសិដ្ឋ
955,សុន ស្រីពេជ្រ
956,សរ ចន្ថា
957,សាយ វណ្ណារី
958,ចន្ទ វឌ្ឍនា
959,អ៊ុយ សុគន្ធ
960,ជាម ស្រីពេជ្រ
961,ដាញ់ ចាន់ណា
962,សង សៀន
963,ស ប៊ុន
964,ម៉ៅ សាវ៉េត
965,ស្បោង សុវណ្ណ
966,សាន់ បញ្ញា
967,ហុង រដ្ឋា
968,ស ងិន
969,ស៊ីន សិទ្ធិស័ក្តិ
970,សិន វាសនា
971,ចន្ទ ក្រយ៉ា
972,មេង ស្រីមុំ
973,ហូ ដារា
974,សាង ធាន
975,ស៊ូ បូណ៌មី
976,ធី ណាន
977,សឿង រិន
978,វ៉េត ងិន
979,ចេង រ៉ន
980,សៅ ម៉ាលី
981,សុន វណ្ណារី
982,ដាញ់ ណារី
983,ប្រាក់ សម្ផស្ស
984,ហាក់ បទុម
985,យូ សាវ៉េត
986,សរ សុគន្ធា
987,នី សមសួន
988,ឌី ងួន
989,ទូច ហាន់
990,កែប ពៅ
991,ស ម៉ាលី
992,ដាញ់ កែវមនី
993,ឈិន គឹម
994,ហ៊ិន បុប្ផា
995,អ៊ូ សំណាង
996,រស់ ចន្ថា
997,ប៉ាង ស្បោង
998,ទាវ រ៉េត
999,ឈិត សូនីតា
1000,យុន សាមៀន
1001,អ៊ុយ សេង
1002,សេង ព្រះ
1003,សៅ រៅំឌើល
1004,ឆន ពិរុណ
1005,អាង ចន្ថា
1006,អិម ច័ន្ទមុនី
1007,សាន់ រិន
1008,សង វណ្ណា
1009,សែន ពិជ
1010,ជាម ម៉ាឡាន
1011,ជឹម ហ៊ិន
1012,ទូច សម្បត្តិ
1013,ខ្លូត ផល្លា
1014,គឹម រដ្ឋា
1015,អ៊ូ ហ៊ិន
1016,កូយ ចន្ទ
1017,សៀង ធា
1018,គួច វណ្ណា
1019,ខេម ស្រីនាង
1020,កែវ ពិសាល
1021,ស៊ីន សារិន
1022,ចន្ទ សំណាង
1023,ស៊ីន ទុយ
1024,តាង សុវណ្ណា
1025,ហាក់ សែន
1026,សាត ដានី
1027,ជាម សូនីតា
1028,រស់ ហេង
1029,សន យ៉ាន
1030,ថន សុខា
1031,ទឹក សារឿន
1032,ឱម សូរិយា
1033,មួយ ឡុង
1034,ទឹក សុមេធា
1035,កែប វណ្ណារី
1036,ដាញ់ ស្រីនួន
1037,ធី និស្ស័យ
1038,សរ មាស
1039,ស្រី ណារិទ្ធ
1040,ឈិត វុឌ្ឍី
1041,ស៊ី មុនី
1042,លីវ សាម៉ន
1043,ស៊ីន តារា
1044,ស៊ុយ កែវ
1045,ស៊ុយ សាវ៉េត
1046,សោម លុយ
1047,យស់ ឡុង
1048,យូ សារឿន
1049,ចេង សុភា
1050,តាង យ៉េន
1051,សាន់ ឯក
1052,កឹម សិរី
1053,ថន មណី
1054,សិន ងួន
1055,ហុក ក្រម
1056,លន់ រិន
1057,ជិន រឿន
1058,អិម សេង
1059,សុន រូ
1060,មាន ម៉ាលីស
1061,ឌុល លក្ស្មី
1062,ឱ ឈូករតន៍
1063,ឱ ចន្ទនារី
1064,ឯក ស្រីណាត
1065,យស់ គឹម
1066,តក់ ផល្លា
1067,ប៉ែន សុភក្ត្រ
1068,ឡុង ណារ៉ុង
1069,ឡាយ អម្ពរ
1070,ស សុវណ្ណា
1071,ចេន ពៅ
1072,អៀវ ធា
1073,អាង សូហ្វី
1074,រ៉េត វីឈៀត
1075,ស មាស
1076,ម៉ៅ ចន្ទនារី
1077,ស៊ុយ វាសនា
1078,អ៊ុច ក្រម
1079,ចេន សីម៉ា
1080,ឈិត ផាល្លេះ
1081,ខៀវ ដារា
1082,ហេង សុគន្ធ
1083,ស្រី សិទ្ធិស័ក្តិ
1084,សង សាកងៀ
1085,ជិន ឡេង
1086,តក់ ពៅ
1087,ហួយ ណាង
1088,ប៊ុន ជា
1089,សេង សារឿន
1090,ឡាយ សារុន
1091,យស់ លក្ស្មី
1092,ខាយ ងិន
1093,ម៉ៅ កែវមនី
1094,ទឹក ម៉ៅ
1095,អ៊ុំ រ៉េត
1096,ឱ ស្រីនាថ
1097,ឆន សាម៉ន
1098,ឱ ទុយ
1099,ឃីម រដ្ឋា
1100,ស ជឿត
1101,គ្រី វីរៈ
1102,រស់ សុជាតា
1103,ឌិត សុគន្ធកញ្ញា
1104,ស៊ន សមសួន
1105,ចាប ផាន
1106,ឌិត ឱក
1107,ឯក រស់
1108,ងិន សម្បត្តិ
1109,ស៊ន កុសល
1110,ហួយ សុគន្ធា
1111,ជា ណារី
1112,ញឹក សុខា
1113,គឹម ព្រះ
1114,អ៊ុំ សូរិយា
1115,ពេជ្រ ខេម
1116,មួយ សុគម
1117,ហ៊ឹម លាង
1118,ប៉ាង គឹម
1119,ទិត្យ សារិទ្ធ
1120,ចន្ទ កុសល
1121,ឌិត ភារៈ
1122,សឿង បុប្ផា
1123,អ៊ុច ទូច
1124,អុង ពីលីកា
1125,ឃីម សុខា
1126,កែប សុភ័ក្រ្ត
1127,សន ទេព
1128,ស្បោង សុបឺណ
1129,ថន វីរៈ
1130,អុង សុវណ្ណ
1131,ឯក តារា
1132,ចាប សាវឿន
1133,ចេង វិទូ
1134,សង ទេព
1135,ស សៀន
1136,ចាប ណារ៉ុង
1137,ប៉ាង សុខ
1138,សាន់ នី
1139,ហុង ស៊ីន
1140,កែប ខេម
1141,ឌួង សារ៉េត
1142,ភី សំណាង
1143,យុន ស្បោង
1144,សង ចន្ថា
1145,ស៊ូ យ៉េន
1146,ប្រាក់ រ៉ាយ
1147,ទិត្យ ស៊ីន
1148,តាំង សម្បត្តិ
1149,ទូច ទេព
1150,ទ្រី លីនដា
1151,ឃាង គុន្ធា
1152,ឱម ពៅ
1153,អុង វុឌ្ឍី
1154,កែវ មាស
1155,មាន ស្រីមុំ
1156,សុន ណារ៉ុង
1157,រ៉ន ផល្លា
1158,មាស សំណាង
1159,ហូ រតនា
1160,អ៊ុយ សុខា
1161,ឈិន រតនា
1162,ភី ញាន
1163,សូ ណារ៉ុង
1164,កែប មុនី
1165,រស់ រ៉ាយ
1166,ទ្រី វាសនា
1167,ឌី ទូច
1168,ខៀវ សាវ៉ាន់
1169,ម៉ាក ស្រីមុំ
1170,ស៊ី វណ្ណារី
1171,ប៉ែន ថាត់
1172,អុង បទុម
1173,សេន លាភ
1174,រ៉េត សុគម
1175,តូច សំ
1176,សៀង សំណាង
1177,ឱម រ៉ាយ
1178,ឌួង សាវ៉េត
1179,វង្ស វណ្ណារី
1180,ជិន សោភា
1181,សិន វណ្ណា
1182,សាត ភារៈ
1183,ហូ ចន្ទនារី
1184,ឆោម គុន្ធារ
1185,ប៉ែន ហេង
1186,ទី ចាន់ធី
1187,អិម សាវ៉េត
1188,កាំង កែវមនី
1189,សៅ ញាន
1190,សរ និស្ស័យ
1191,តាំង សម្បត្តិ
1192,លីវ ម៉ាឡាន
1193,ឆន សីម៉ា
1194,មេង សាម៉ន
1195,ដាញ់ ចំរើន
1196,ជ័យ សោភ័ណ
1197,ឈិត យ៉េន
1198,ឆោម ណារ៉ុង
1199,ជិន ទូច
1200,សន ហេង
1201,ទេព ចំរើន
1202,ប៉ាង ធា
1203,ខៀវ ជឿត
1204,ខេម ចិន្តា
1205,សោម មណី
1206,នី ហ៊ឹម
1207,ស៊ូ គឹម
1208,វ៉ាង ឡេង
1209,អុង វិជ្ជរ៉ា
1210,ក្រម ហ៊ឹម
1211,ហុង ខេមរៈ
1212,ជី ពៅ
1213,សៀង ណារ៉ុង
1214,ខេម ទឹក
1215,ជា សាន
1216,ស បញ្ញា
1217,ថន គឹម
1218,ទឹក សំណាង
1219,សឿង កុសល
1220,ខ្លូត ស៊ី
1221,អ៊ុច រតនា
1222,សេន លីនដា
1223,ខ្លូត សំណាង
1224,ម៉ាក សារិទ្ធ
1225,សម សារ៉េត
1226,ឈិត ម៉ាលី
1227,លន់ សាន
1228,យស់ សែន
1229,យស់ ណាង
1230,សឿង សុខា
1231,ទី សុគន្ធ
1232,ឃីម វាសនា
1233,ឈឹម យ៉េន
1234,សង សុគន្ធរី
1235,ឡុង វីឈៀត
1236,ប៉ុក វិទូ
1237,អិម ឆេង
1238,សរ សុម៉ាលី
1239,នី រូ
1240,គួច សុខ
1241,ថន សុផល
1242,សាត ងួន
1243,ដាញ់ ព្រះ
1244,អ៊ុំ សុគន្ធា
1245,ឱ សង
1246,ឃាង ភួង
1247,ដាញ់ ស្រីមុំ
1248,ណាត់ ឆេង
1249,គួច តារា
1250,សួន សោភា
1251,ខៀវ ខាន់
1252,ហួយ កែវ
1253,សម ហ៊ិន
1254,ចាប នួន
1255,ស្បោង សុភា
1256,ហាក់ រ៉េត
1257,ហាក់ សុបឺណ
1258,សៀង រ៉ាយ
1259,ដាញ់ ដានី
1260,ស៊ន សុជាតា
1261,កាំង សុភក្ត្រ
1262,ចេន វណ្ណា
1263,សៅ ពិសិដ្ឋ
1264,សួន សុជាតា
1265,ងួន ផាល្លេះ
1266,អ៊ុំ រៅំឌើល
1267,ចាប ម៉ម
1268,ជា វណ្ណា
1269,កែប កែវ
1270,ពេជ្រ វណ្ណា
1271,ម៉ៅ ពីលីកា
1272,ឡាយ ច័ន្ទដារិទ្ធ
1273,ឱ ពៅ
1274,ហ៊ឹម ប៉ែន
1275,ចន្ទ កញ្ញា
1276,គ្រី និមល
1277,សៀង សុផាត
1278,ទេព ង៉ុយ
1279,ជិន ឫទ្ធិ
1280,ណាត់ ចិន្ដា
1281,ទុំ ណារី
1282,រស់ សុខ
1283,រស់ គឹម
1284,សោម រតនា
1285,សែន អម្ពរ
1286,សោម នួន
1287,អិម សែន
1288,ឱ យ៉ាន
1289,សូ ចន្ថា
1290,ស៊ុយ តុលា
1291,អាង ហាន់
1292,ហ៊ិន ក្រម
1293,សរ ជ័យ
1294,ឆោម ផាល្លេះ
1295,ចេង ពិសាល
1296,សាត សាវ៉េត
1297,ចេន ពិសិដ្ឋ
1298,អៀវ សារិន
1299,ធី សាវ៉ាន់
1300,ចុក ពិសី
1301,សឺន សុខ
1302,សេន ពិសិដ្ឋ
1303,ទាវ ដានី
1304,ឃីម ស្រីនួន
1305,ចេន ណាង
1306,សាត ទឹក
1307,ជិន សុខា
1308,សរ សុធី
1309,សូ ណែន
1310,យូ សុកមាញ
1311,សៅ ភួង
1312,សែន សាត
1313,លិម វុឌ្ឍី
1314,សែន ជា
1315,តាំង សារិទ្ធ
1316,សុង សារ៉េត
1317,ឃាង ពិជ័យ
1318,ឌិត សុគន្ធ
1319,ណាត់ បូណ៌មី
1320,សែន សាម៉ន
1321,សន វាសនា
1322,ថន សុវណ្ណា
1323,ងួន ចិន្តា
1324,ភួង សាន
1325,កែប សមសួន
1326,ខៀវ ចន្ទនារី
1327,លីវ ខេមរៈ
1328,កែវ ទឹក
1329,ឆន ស៊ីណាត
1330,ថន សាវ៉ាន់
1331,មាស សុភា
1332,សឺន សុខា
1333,ណាត់ ពិសាល
1334,ចេង ម៉ម
1335,ខៀវ ខាន់
1336,ម៉ៅ ចន្ថា
1337,ឆាយ រដ្ឋា
1338,ឃីម ចាន់ធី
1339,ខ្លូត ណារី
1340,ឌុល សមាត្រ
1341,ស៊ីន សមាត្រ
1342,ញឹក សារ៉េត
1343,ងួន ណារី
1344,សាយ សាម៉ន
1345,ឃាង រតនា
1346,រ៉ន ម៉ូនីកា
1347,ចាប ផា
1348,តូច វណ្ណារី
1349,ប៉ាង ពាង់
1350,ហ៊ឹម ចិន្តា
1351,ស៊ុន សាន
1352,ហុក សាន
1353,ខៀវ សំណាង
1354,ហុង សារ៉េត
1355,ស៊ុយ ខាន់
1356,រ៉ន ផាល្លេះ
1357,សេង ហេង
1358,ទឹក វឌ្ឍនា
1359,ជ័យ ចំណាន
1360,ជី សារិទ្ធ
1361,មាស សំណាង
1362,លីវ សោភា
1363,ឱ សុគន្ធរី
1364,ខ្លូត រ៉ន
1365,ស ចាន់ណា
1366,សៅ បូណ៌មី
1367,ឱ វឌ្ឍនា
1368,ទាវ ខេមរៈ
1369,ហុង រតនា
1370,សែន ម៉ាលី
1371,យស់ សុខ
1372,មាន សុភាព
1373,លន់ ក្រយ៉ា
1374,ចុក ហៀក
1375,ផាន សូរិយា
1376,គឹម ឈូករតន៍
1377,ហុង វុឌ្ឍី
1378,ដាញ់ សិរី
1379,ស ណាង
1380,អុង លុយ
1381,សេង ចន្ថា
1382,ចេន សុភា
1383,ដាញ់ រិន
1384,ឆន ចន្ថា
1385,ប៊ុន សារិទ្ធ
1386,ស៊ុន និស្ស័យ
1387,សោម ណារ៉ុង
1388,ឱម វុឌ្ឍី
1389,ហ៊ុន ធី
1390,សន ហ៊ឹម
1391,ឌួង ពិជ
1392,ខៀវ ឈូក
1393,ឆន សុគន្ធកញ្ញា
1394,ស៊ន សុមេធា
1395,អ៊ុយ ឡុង
1396,ឆាយ ឡេង
1397,ពេជ្រ ព្រះ
1398,រ៉េត មណី
1399,តាំង រតនា
1400,សេន ពៅ
1401,ផាន ណែន
1402,សិន សៀន
1403,ហ៊ឹម ចំរើន
1404,តូច ឈិត
1405,ហ៊ឹម ម៉ម
1406,ប៊ុន មាស
1407,សង ឧសភា
1408,មាន វីឈៀត
1409,ប៉ុក សមសួន
1410,វ៉េត វាសនា
1411,សឺន ផា
1412,ថន សារឿន
1413,ស្រី គឹម
1414,ង៉ុយ ចន្ថា
1415,សៀង ពិសិដ្ឋ
1416,សាត ក្រយ៉ា
1417,កែប ឆេង
1418,ចុក ផាល្លេះ
1419,សន ខេមរៈ
1420,លីវ ចន្ទ
1421,ស សម្ផស្ស
1422,សម មាស
1423,ប៉ាង ចន្ថា
1424,ចេន ច័ន្ទដារិទ្ធ
1425,ឃីម សំណាង
1426,ភួង សុវណ្ណ
1427,ជី ស៊ីន
1428,ងិន ពិសិដ្ឋ
1429,ឌួង សុខ
1430,ជាម ថាត់
1431,ទិត្យ យ៉េន
1432,លិម សាន
1433,រស់ ធារិទ្ធ
1434,អិម ជា
1435,សង សោភ័ណ
1436,ប៊ុន មណី
1437,សុង ណារ៉ុង
1438,ហ៊ុន សីម៉ា
1439,តាង សុគន្ធ
1440,ឱ ណារី
1441,ឡាយ ធី
1442,មា សម្បត្តិ
1443,ហាក់ ប៊ុន
1444,សៅ សាំភេះ
1445,លីវ គឹម
1446,ឃាង វិទូ
1447,រ៉ន ផល្លា
1448,សួន ស្រីនារ
1449,លិម ម៉ាឡាន
1450,ជា ទេព
1451,អុង ម៉ាឡាន
1452,ស៊ី ស្រីនិច
1453,ឱម តារា
1454,ទឹក រតនា
1455,ហូ ធារី
1456,កែប ជា
1457,សរ យ៉េន
1458,ជាម ហ៊ិន
1459,ឈិត យ៉េន
1460,ឈិត ហ៊ិន
1461,ឃីម មណី
1462,សែន សម្បត្តិ
1463,ម៉ៅ ច័ន្ទដារិទ្ធ
1464,ចេន ឡុង
1465,ហុក ម៉ៅ
1466,អ៊ុច សាកងៀ
1467,រ៉ន នី
1468,វង្ស សាត
1469,សូ ហុក
1470,ងិន ណារី
1471,ស៊ី ពៅ
1472,សៀង លីហ្សា
1473,សេង ឈៀង
1474,រស់ ច័ន្ទដារិទ្ធ
1475,រ៉ន សាវ៉េត
1476,វង្ស ពិសិដ្ឋ
1477,ស វីឈៀត
1478,ជា សារឿន
1479,គ្រី បទុម
1480,សម ស្បោង
1481,ខ្លូត ហាន់
1482,ចេន ប៊ុន
1483,ស្រី សុខ
1484,សុង ប៉ែន
1485,សឿង ម៉ាលីស
1486,ខៀវ វាសនា
1487,ជឹម សាកងៀ
1488,ងួន បទុម
1489,ឱ ចន្ថា
1490,ហូ គុន្ធា
1491,ទុំ ហ៊ឹម
1492,ឌុល លំអង
1493,កែប សារឿន
1494,ប៉ែន ពិសិដ្ឋ
1495,ស សារិន
1496,យស់ ដែវី
1497,អ៊ុំ ធាន
1498,អិម រៅំឌើល
1499,ចេន កែវ
1500,មាន សុភក្ត្រ
1501,ទូច សុផល
1502,ឆន គឹម
1503,សូ សុភា
1504,ឌិន និមល
1505,សាត ណាន
1506,ទូច ម៉ាលី
1507,សិន ណារិទ្ធ
1508,ជឹម សម្បត្តិ
1509,រ៉េត ឆេង
1510,អ៊ូ សារុន
1511,កូយ ទឹក
1512,ម៉ៅ សុខ
1513,ឆោម សុខ
1514,ហុង រ៉េត
1515,អ៊ុយ សាវ៉ាន់
1516,ចេង ស៊ី
1517,ទី ម៉ៅ
1518,ង៉ុយ កុសល
1519,ឆន សំណាង
1520,ញឹក ពាង់
1521,ប៊ុន ណាន
1522,ស វីរៈ
1523,ស៊ុយ និមល
1524,ម៉ៅ សាន
1525,ខាត់ ដែវី
1526,ឡាយ ងួន
1527,សង ស្រីពេជ្រ
1528,ស៊ុយ សំណាង
1529,សាង ណាន
1530,ហ៊ិន វីរៈ
1531,ស្បោង ឈិត
1532,ជា សេង
1533,សឿង សាវឿន
1534,ហ៊ឹម សោភា
1535,ធី ចំរើន
1536,ទូច ហេង
1537,អ៊ុយ សិរី
1538,មាន ណារិទ្ធ
1539,សរ សុភ័ក្រ្ត
1540,យស់ សុផាត
1541,ណាត់ ឆោម
1542,ខេម ស្រីនារ
1543,សុខ ណាត់
1544,សេង អម្ពរ
1545,ស៊ូ សុវណ្ណា
1546,អ៊ុច ហ្ស៊ូ
1547,គ្រី សេង
1548,មាន សារ៉េត
1549,កាំង កែវ
1550,ឌុល ចំរើន
1551,ស៊ុន វណ្ណារី
1552,ថៃ វុឌ្ឍី
1553,ឱ រដ្ឋា
1554,រស់ ជ័យ
1555,វង្ស កែវ
1556,កាំង សិរី
1557,ឆន ក្រយ៉ា
1558,ប្រាក់ ស៊ីណា
1559,តាង រូ
1560,ក្រម ស៊ី
1561,គ្រី រូ
1562,ឆាយ ឈិត
1563,ចាន់ ណាង
1564,អ៊ុច ឯក
1565,កែវ សារ៉េត
1566,សោម សុវណ្ណា
1567,អិម រឿន
1568,ផាន ខេម
1569,ដួង សម្បត្តិ
1570,ហួយ លំអង
1571,រ៉ន ចំរើន
1572,ហេង សារឿន
1573,ជិន លំអង
1574,ម៉ៅ សែកា
1575,ឡាយ រង្សី
1576,ទ្រី ណាង
1577,ញឹក ធា
1578,ក្រម សុធី
1579,អៀវ ហេង
1580,ហ៊ិន សុភា
1581,អ៊ុច ម៉ៅ
1582,ហ៊ឹម ទឹក
1583,សន លីហ្សា
1584,ឌិត គឹមលា
1585,ដាញ់ លី
1586,ឱក ឡុង
1587,មាស ហ៊ឹម
1588,រស់ ប៊ុនហេង
1589,លី ណាន
1590,សិន សារឿន
1591,ឃីម រូ
1592,លន់ ចំរើន
1593,លិម ផា
1594,មាន ផល្លា
1595,ជឹម ជា
1596,ហាក់ ខេមរៈ
1597,ជឹម សេង
1598,សង មាស
1599,ហុង លាង
1600,កាំង សុខ
1601,ទុំ វីឈៀត
1602,មា សម្បត្តិ
1603,ទុំ ប៊ុន
1604,សៀង សោភា
1605,ឈឹម វណ្ណា
1606,អ៊ុយ លាង
1607,សោម សុខា
1608,ឆោម អ៊ូ
1609,ឆន សារ៉េត
1610,កឹម សុភក្ត្រ
1611,ជិន សម្បត្តិ
1612,តាត សុគម
1613,ឱ ដានី
1614,លីវ ពៅ
1615,កឹម សៀន
1616,សម ហេង
1617,ប៉ាង ម៉ាលី
1618,ទុំ សារិន
1619,សាត ពិសិដ្ឋ
1620,កែប គុន្ធា
1621,ផាន សុភក្ត្រ
1622,ឱ ក្រយ៉ា
1623,ឃិន សោភា
1624,ឌី ស៊ីវន
1625,សិន ចន្ថា
1626,កែប ស៊ីន
1627,វ៉ាង លាង
1628,ឱ ខាន់
1629,ខាយ ស្រីនិច
1630,ភី ដារា
1631,ជឹម គុន្ធា
1632,លីវ ភារៈ
1633,ឆាយ បទុម
1634,ស ស្បោង
1635,ឆាយ សម្បត្តិ
1636,ឆន ហេង
1637,ហួយ ណាត់
1638,គ្រី ចាង
1639,ឈិន ទិព្វសព្ទ
1640,ចេន កែវ
1641,សន ម៉ម
1642,អាង សុខ
1643,ងួន សោភ័ណ
1644,សន រិន
1645,ឆោម រៅំឌើល
1646,អ៊ុំ គឹម
1647,យុន សុភ័ក្រ្ត
1648,សោម បូណ៌មី
1649,ឱ រ៉ន
1650,មាន សារិន
1651,អ៊ុយ វាសនា
1652,លន់ សុភ័ក្រ្ត
1653,ប្រាក់ ពិសិដ្ឋ
1654,វ៉ាង វណ្ណា
1655,ទុំ សមសួន
1656,មួយ រស់
1657,ខៀវ ណាង
1658,វង្ស គឹម
1659,គឹម ស្រីនាង
1660,ចាន់ សាំភេះ
1661,ស៊ន ស្រីនិច
1662,ពិជ លីហ្សា
1663,ម៉ៅ រតនា
1664,ម៉ាក ធី
1665,វ៉េត ម៉ម
1666,ប៊ុន ងិន
1667,ប៉ាង ទេព
1668,សាយ ផល្លា
1669,ជិន ចាន់ណា
1670,សាយ កែវមនី
1671,ស៊ន សោភ័ណ
1672,មូល ស៊ីណា
1673,មួយ វាសនា
1674,ពិជ ពិជ័យ
1675,ហ៊ុន និស្ស័យ
1676,ស វឌ្ឍនា
1677,ឱ សារ៉េត
1678,ឌួង ណាត់
1679,សឺន សុបឺណ
1680,យូ រដ្ឋា
1681,សឿង តុលា
1682,សន សោភា
1683,ទុំ រដ្ឋា
1684,សុខ សុមេធា
1685,ចុក សុធី
1686,សរ ម៉ូនីកា
1687,ចុក អន
1688,សូ ផាន
1689,ឌួង ពៅ
1690,គឹម ហ៊ិន
1691,រ៉េត ណារ៉ុង
1692,ហុង ណាន
1693,ឱ សុធី
1694,ហួយ ណារ៉ុង
1695,ទុំ ស៊ីន
1696,ខៀវ ចិន្តា
1697,សិន រស់
1698,ទូច សាត
1699,ថន មណី
1700,តាង សោភា
1701,ពេជ្រ ភារៈ
1702,សឺន វណ្ណា
1703,ស ខេមរៈ
1704,ស សង
1705,សាយ បញ្ញា
1706,ចាន់ សុផល
1707,ហួយ ស្រីនួន
1708,ជិន តារា
1709,ឃិន ឱក
1710,នី កុសល
1711,ចន្ទ សុជាត
1712,ចាន់ ម៉ូនីកា
1713,ឌិន សោភ័ណ
1714,ខៀវ សារិន
1715,ឡុង ទឹក
1716,ឌិន ឆេង
1717,លីវ វិជ្ជរ៉ា
1718,តាំង សិរី
1719,សៀង រូ
1720,រស់ សូនីតា
1721,ប៉ែន ចន្ទ
1722,ឱម និសា
1723,ចាន់ វិបុល
1724,អៀម នី
1725,ខៀវ វណ្ណា
1726,រួយ វាសនា
1727,ជ័យ រដ្ឋា
1728,ប៉ែន សុខ
1729,សង បទុម
1730,ជិន ហេង
1731,ឃាង ខេមរៈ
1732,ខេម ចាង
1733,រួយ សុខ
1734,អ៊ុយ ណារី
1735,ហេង ផាល្លេះ
1736,សុខ រៅំឌើល
1737,សម ម៉ាលីន
1738,អាង ហ៊ឹម
1739,ចេង ខាន់
1740,លិម ចាន់ណា
1741,លន់ បូណ៌មី
1742,យស់ សោភ័ណ
1743,ហ៊ឹម ចាន់ណា
1744,សាន រតនា
1745,ស៊ីន វណ្ណារី
1746,ហ៊ឹម គឹមលា
1747,ស ចំរើន
1748,សុង ហាន់
1749,សៅ កុម្ភៈ
1750,ស៊ី ចិន្តា
1751,អិម សង
1752,រ៉េត ឈួន
1753,ឈិត សមសួន
1754,កាំង រស្មី
1755,ខាត់ បញ្ញា
1756,ចាប ស៊ីន
1757,សន រ៉ាយ
1758,ឆន ឈិត
1759,ចេង ខាន់
1760,ចុក ស្បោង
1761,អិម សាវឿន
1762,ចាប អ៊ូ
1763,ហូ សីម៉ា
1764,រស់ ជឿត
1765,គឹម សារឿន
1766,អៀម ចន្ទ
1767,រស់ ម៉ៅ
1768,អាង សាវឿន
1769,អ៊ូ លីហ្សា
1770,អិម ប៊ុនហេង
1771,មា ស្បោង
1772,កែប ចន្ថា
1773,ញឹក ចិន្តា
1774,ម៉ៅ ធា
1775,ហួយ ស៊ីណាត
1776,មូល សុខ
1777,តក់ លាភ
1778,អៀវ សារឿន
1779,កែវ ម៉ៅ
1780,ឯក ពីលីកា
1781,វ៉ាង រៅំឌើល
1782,ប៉ុក សុខា
1783,ខាត់ ចន្ថា
1784,ស ហាន់
1785,ទូច ចិន្ដា
1786,អៀម លាង
1787,ខៀវ យ៉េន
1788,មូល ហេង
1789,ឈិន ជ័យ
1790,ឈិត សឺម៉ន
1791,ទូច កែវមនី
1792,ឯក សុភក្ត្រ
1793,ទិត្យ ភាក្គ្លី
1794,អៀម ពៅ
1795,សរ ង៉ុយ
1796,ឡុង ស្រីនួន
1797,អ៊ុយ ថាត់
1798,វ៉េត ទេព
1799,សរ ខេមរៈ
1800,លិម សាន
1801,ឱ សុខ
1802,សុង ស្រីនាង
1803,សឺន ម៉ូនីកា
1804,សាន សុជាតា
1805,តាង ស៊ីណាត
1806,សៅ សុម៉ាលី
1807,ដាញ់ ពិសាល
1808,លីម តារា
1809,ទូច ណារិទ្ធ
1810,កែវ ពិជ័យ
1811,សិន សាំភេះ
1812,ស៊ុយ រដ្ឋា
1813,ងួន ម៉ូនីកា
1814,វង្ស សោភា
1815,វង្ស ផ្កា
1816,សរ គិត
1817,សាង ផាន
1818,ប៉ាង ចាន់ណា
1819,ស្រី សុខា
1820,ស៊ូ ហុក
1821,ដួង រស់
1822,មា ពិសិដ្ឋ
1823,លីម សារិទ្ធ
1824,ឃីម សុភ័ក្រ្ត
1825,សៀង សោភ័ណ
1826,ទី និមល
1827,លន់ ដានី
1828,កូយ ឫទ្ធិ
1829,ទឹក កែវ
1830,ស ចន្ថា
1831,ចេន ចំរើន
1832,ងិន កុសល
1833,ក្រម បទុម
1834,ម៉ៅ ឡុង
1835,ស្បោង សំណាង
1836,អិម ផា
1837,លី រ៉េត
1838,អ៊ុយ សុម៉ាលី
1839,លីម ពិជ
1840,វ៉េត សោភា
1841,សៀង ពិរុណ
1842,អិម ឈូករតន៍
1843,ទ្រី ចន្ថា
1844,សម បទុម
1845,សេន ស្រីនារ
1846,សាត ណាង
1847,ឱម ស្រីពេជ្រ
1848,ជាម សឺម៉ន
1849,ម៉ៅ ឧសភា
1850,ស៊ន ហេង
1851,សរ កញ្ញា
1852,រស់ ផល្លា
1853,ឈឹម សម្បត្តិ
1854,ឌួង រង្សី
1855,ហុង វណ្ណា
1856,យុន ចំប៉ី
1857,សាន វុឌ្ឍី
1858,ឡុង ហេង
1859,យស់ ខេមរៈ
1860,ធី កែវ
1861,អ៊ូ វណ្ណា
1862,ស៊ូ សារ៉េត
1863,សរ ណាង
1864,សៅ យ៉េន
1865,មា ពៅ
1866,ឌិត ទឹក
1867,កែវ ណារិទ្ធ
1868,ជា ហុក
1869,ហុក សម្បត្តិ
1870,សុង ចំរើន
1871,ជាម ចន្ទ
1872,ជាម សារិទ្ធ
1873,ឈិន ជា
1874,រ៉ន ស៊ីវន
1875,សាង ភារៈ
1876,ហ៊ឹម លីនដា
1877,ទី គឹម
1878,សិន ហ្ស៊ូ
1879,ចេន ចន្ទ
1880,សែន សែន
1881,អាង សុគម
1882,ឈិត ង៉ុយ
1883,អ៊ុំ វណ្ណា
1884,កាំង ធី
1885,សរ សុធី
1886,សឿង នី
1887,ស៊ី គឹម
1888,អិម សុផល
1889,ឃីម ឈួន
1890,សាយ សុផល
1891,លីវ សេង
1892,ចេន សុជាតា
1893,ឃាង ឈៀង
1894,ឌិន ហ៊ឹម
1895,សៀង សិរី
1896,សេន ឆោម
1897,អិម ខេម
1898,ណាត់ សោភ័ណ
1899,ហួយ សាវឿន
1900,ង៉ុយ វិបុល
1901,ហុង សៀន
1902,ប៉ាង វីឈៀត
1903,មាន មាស
1904,ធី កែវមនី
1905,ប៉ាង រស្មី
1906,ស៊ុន សុផល
1907,មា សុភក្ត្រ
1908,ធី ប៊ុន
1909,ស្រី ណាង
1910,ឱក សំ
1911,ពេជ្រ កុសល
1912,ឈិត សម្រិត
1913,ស៊ុយ វណ្ណា
1914,ង៉ុយ ជ័យ
1915,ហ៊ុន សុខ
1916,អិម ពិសាល
1917,មាន ស្រីនួន
1918,លីម ខាន់
1919,ជី សុគម
1920,សរ ណារិទ្ធ
1921,ស៊ន ស៊ីវន
1922,សេង វីរៈ
1923,អៀម សារ៉េត
1924,សង ទឹក
1925,តាំង សារិន
1926,រ៉េត សោភ័ណ
1927,ដួង ជា
1928,ទី តារា
1929,លន់ រ៉ន
1930,ឌួង វណ្ណា
1931,ខេម សុផល
1932,ងិន បូណ៌មី
1933,សង សារឿន
1934,ឡុង ឈួន
1935,ចាន់ សាកងៀ
1936,អិម ធាន
1937,ចេង ហ៊ឹម
1938,ប៊ុន ភាក្គ្លី
1939,ប៉ែន អម្ពរ
1940,ឌួង សុផាត
1941,ពិជ បញ្ញា
1942,ធី ហៀក
1943,ស៊ូ សំណាង
1944,សុង សាម៉ន
1945,ស ឈិត
1946,ចេន សុវណ្ណា
1947,ជ័យ សាវឿន
1948,យូ មណី
1949,ដួង យ៉ាន
1950,រស់ ពិជ័យ
1951,ឌិន ព្រះ
1952,នី បទុម
1953,យុន ពីលីកា
1954,ភួង សម្បត្តិ
1955,ឌី សំណាង
1956,សម បញ្ញា
1957,តក់ ម៉ាលីស
1958,គួច ផ្កា
1959,ចេង ភារៈ
1960,លន់ ចន្ថា
1961,ស៊ុយ ចាន់ណា
1962,វ៉េត ចំរើន
1963,ពិជ សុធី
1964,ទិត្យ សុភា
1965,ឃិន សុវណ្ណ
1966,ចាប សុគម
1967,ដាញ់ សាមៀន
1968,ហុង សិទ្ធិស័ក្តិ
1969,ជា សំណាង
1970,កែវ សុខា
1971,ជឹម ដានី
1972,យស់ រូ
1973,រ៉ន សម្បត្តិ
1974,សៅ វណ្ណារី
1975,ប៉ាង វិជ្ជរ៉ា
1976,ឱ ចន្ថា
1977,អាង ទេព
1978,យស់ ស្រីពេជ្រ
1979,សាន់ វីរៈ
1980,ហាក់ ងួន
1981,សម សាវ៉ាន់
1982,កឹម សុធី
1983,សៅ ចន្ទនារី
1984,តាង ស៊ី
1985,ង៉ុយ ច័ន្ទមុនី
1986,ហុក ព្រះ
1987,អ៊ុំ មុនី
1988,ស៊ុន ធារិទ្ធ
1989,អ៊ុយ សុបឺណ
1990,អុង លាង
1991,លី បញ្ញា
1992,កែប ទឹក
1993,ទី សុគម
1994,មូល ហៀក
1995,អ៊ុំ សាំភេះ
1996,អិម ភាក្គ្លី
1997,ស៊ន សិទ្ធិស័ក្តិ
1998,កឹម ទិព្វសព្ទ
1999,ស គឹម
2000,ស៊ី នី
2001,វ៉េត រដ្ឋា
2002,អៀវ រ៉េត
2003,ហុក ណែន
2004,សែន សុវណ្ណា
2005,ហុង សុខ
2006,ថៃ ឱក
2007,ឱក សីហា
2008,សាន់ ផល្លា
2009,អាង សំណាង
2010,ឌួង ស្រីនារ
2011,ឃាង ចន្ថា
2012,លីម ភារៈ
2013,ភី ចិន្តា
2014,ងិន សេង
2015,ញឹក ឈូករតន៍
2016,ឆាយ ច័ន្ទដារិទ្ធ
2017,ប៊ុន សុខា
2018,សឺន អម្ពរ
2019,ឡាយ វុឌ្ឍី
2020,រស់ ពិសិដ្ឋ
2021,សិន ប៊ុនថៃ
2022,សុខ សុភា
2023,អិម យ៉ាន
2024,ខាយ រដ្ឋា
2025,ងិន ប៊ុនហេង
2026,ចេង ពៅ
2027,ជា សំណាង
2028,សន មាស
2029,ស៊ន ម៉ូនីកា
2030,ជាម សមសួន
2031,អៀវ ដានី
2032,ឈឹម ទុយ
2033,វ៉ាង យ៉ាន
2034,ប៉ែន ឡុង
2035,សម ជ័យ
2036,ប៉ុក ឡុង
2037,ឌុល សុភ័ក្រ្ត
2038,យស់ សុខ
2039,សាត ទិព្វសព្ទ
2040,ញឹក ប៉ែន
2041,ស សមាត្រ
2042,ម៉ៅ ហៀក
2043,កែវ សៀន
2044,សុខ យ៉ាន
2045,សេង ដារា
2046,សុង ស្រីមុំ
2047,ឃាង ឡេង
2048,ខាយ លីហ្សា
2049,អ៊ុយ ទេព
2050,សួន អ៊ូ
2051,ស៊ន សែន
2052,ម៉ាក គឹម
2053,ស សំ
2054,ផាន ប៊ុន
2055,ហ៊ឹម សឺម៉ន
2056,អ៊ូ ផាន
2057,សរ គុន្ធារ
2058,កែវ គឹម
2059,រ៉េត ចំណាន
2060,ប៉ាង ផា
2061,ឌុល ឫទ្ធិ
2062,ញឹក សុបឺណ
2063,ភួង ចាន់ណា
2064,សេង ពិរុណ
2065,សរ ពីលីកា
2066,សង ស្បោង
2067,ដាញ់ ឈិត
2068,ទ្រី សាវ៉េត
2069,កូយ សោភា
2070,ងិន លំអង
2071,អ៊ូ មណី
2072,កាំង ធារិទ្ធ
2073,ថន គុន្ធា
2074,ឱក ឯក
2075,ម៉ាក សុភក្ត្រ
2076,ជី ឈៀង
2077,កឹម វីរៈ
2078,ពិជ សាន
2079,ឌិន ទូច
2080,ឆន ជ័យ
2081,អ៊ូ សុគម
2082,ហូ អន
2083,ចាប សៀន
2084,ជិន ភួង
2085,រ៉េត ស្រី
2086,សាង បុប្ផា
2087,ខ្លូត សុម៉ាលី
2088,អិម សំ
2089,ឱម ស៊ីវន
2090,ខាយ រង្សី
2091,រស់ សុខា
2092,សរ ឡេង
2093,សង និមល
2094,អិម បទុម
2095,តូច ម៉ម
2096,សរ ជា
2097,សន សាម៉ន
2098,ស្រី ភារៈ
2099,ស ពិរុណ
2100,ហូ សូហ្វី
2101,ខាត់ សមសួន
2102,ឆន សិទ្ធិស័ក្តិ
2103,ឡុង ណាង
2104,ឡាយ ឆេង
2105,សែន ធា
2106,ឈិន យ៉េន
2107,ប៊ុន រតនា
2108,យស់ រៅំឌើល
2109,ឆន លុយ
2110,ហ៊ុន ភួង
2111,សន លីនដា
2112,សាត សារ៉េត
2113,វង្ស នី
2114,ស វិជ្ជរ៉ា
2115,ភួង សារឿន
2116,អៀវ ធី
2117,ស៊ន ចាន់ធី
2118,ចាន់ សូហ្វី
2119,សង ស្រី
2120,សៅ មណី
2121,ឱក យ៉េន
2122,ចាន់ ចន្ថា
2123,រួយ ស៊ី
2124,សឺន លំអង
2125,ស៊ុយ សោភ័ណ
2126,សាន់ ស៊ីន
2127,ហូ ណាន
2128,ប៉ែន សុភ័ក្រ្ត
2129,កែវ ភាក្គ្លី
2130,ខៀវ សុខ
2131,កូយ ចាន់ធី
2132,ឌិន សុផល
2133,សួន ម៉ាលីស
2134,សោម សុជាតា
2135,ជ័យ ឡេង
2136,ពិជ ខេម
2137,ឯក ចន្ថា
2138,ពិជ សាន
2139,សាត រង្សី
2140,សោម កែវ
2141,ញឹក សោភ័ណ
2142,ស៊ីន ក្រម
2143,ចេន សុមេធា
2144,ទឹក សម្បត្តិ
2145,ប៊ុន សារឿន
2146,ឱម ស្រីនិច
2147,អ៊ុច សុគន្ធកញ្ញា
2148,ជ័យ ប៉ែន
2149,ស្បោង ចន្ថា
2150,វ៉ាង ស្រីនាថ
2151,សុខ សុគម
2152,ឌួង សុជាតា
2153,សឺន ដានី
2154,លិម ហ៊ឹម
2155,រួយ សារឿន
2156,វ៉ាង ទូច
2157,ខាត់ ពិសិដ្ឋ
2158,ឯក សាវ៉េត
2159,ទី ភួង
2160,អៀវ ពៅ
2161,មាស សារឿន
2162,ចុក សែន
2163,អ៊ូ ម៉េង
2164,រ៉េត ផល្លា
2165,លិម សមាត្រ
2166,ចេន អ៊ូ
2167,ឡាយ ម៉ូនីកា
2168,ឌុល ណាន
2169,សឺន សាវឿន
2170,ស្រី ធា
2171,ងួន សុកមាញ
2172,ឆន ពិសី
2173,ង៉ុយ ណារ៉ុង
2174,សាន់ សោភា
2175,សន ឱក
2176,ប៉ាង ម៉ូនីកា
2177,ឌិន កុសល
2178,ឱក គុន្ធារ
2179,ចន្ទ សាវ៉ាន់
2180,ឌិន ឫទ្ធិ
2181,ចុក ភួង
2182,ឱ ធី
2183,តាង លីហ្សា
2184,រួយ សំ
2185,ទុំ ផល្លា
2186,ឌុល ពិសិដ្ឋ
2187,ទាវ ទិព្វសព្ទ
2188,ខេម វុឌ្ឍី
2189,ទេព សៀន
2190,កែប ភួង
2191,លី កុសល
2192,ឈិត ឈូករតន៍
2193,សោម ពិជ័យ
2194,សៀង សារិទ្ធ
2195,ប៉ាង ចិន្ដា
2196,ឱ បូណ៌មី
2197,ចាន់ សុខា
2198,រស់ នី
2199,ទូច រដ្ឋា
2200,វ៉ាង ភាក្គ្លី
2201,ស ចន្ទនារី
2202,ផាន ណាង
2203,សុខ ឈូក
2204,ខាត់ សមាត្រ
2205,ឱក សុភា
2206,ឌុល អន
2207,ឃាង លាភ
2208,យស់ សុវណ្ណា
2209,សាន ស្រីមុំ
2210,ឈឹម រ៉ន
2211,អុង សុម៉ាលី
2212,ឈិត សុផាត
2213,ភី ហ្ស៊ូ
2214,សេន ងិន
2215,កែប ធា
2216,សៅ ហាន់
2217,ខាត់ គុន្ធារ
2218,លីម ចន្ទនារី
2219,ឈិត សីម៉ា
2220,ជិន តុលា
2221,លី សម្រិត
2222,មាន សារឿន
2223,ឡាយ ម៉េង
2224,ខាយ ចន្ថា
2225,ញឹក ឱក
2226,ក្រម សុខ
2227,ខាយ សុគម
2228,ទាវ និមល
2229,លិម ជា
2230,ស៊ន សារិទ្ធ
2231,ទេព ប៉ែន
2232,ប៊ុន សុធី
2233,ទាវ រដ្ឋា
2234,ឆាយ ណារិទ្ធ
2235,ង៉ុយ សុផល
2236,លិម ម៉េង
2237,សង សុខ
2238,ឈិត គឹម
2239,ឌិន សុខ
2240,ថន សាន
2241,សូ ហ៊ិន
2242,សិន បុប្ផា
2243,ពេជ្រ គឹម
2244,អិម សុផាត
2245,លិម វិបុល
2246,ជា រតនា
2247,តាំង សូរិយា
2248,ឈឹម វាសនា
2249,ឆន សុខ
2250,ឱម សុគម
2251,ឃិន និសា
2252,ស្បោង សារិទ្ធ
2253,សេន សុភក្ត្រ
2254,ស្បោង ស្រីពេជ្រ
2255,ចាន់ ចាន់ណា
2256,នី និស្ស័យ
2257,ទឹក លុយ
2258,អ៊ុយ ឫទ្ធិ
2259,ជ័យ សំណាង
2260,មួយ ច័ន្ទដារិទ្ធ
2261,ពិជ ស្បោង
2262,ម៉ាក លាង
2263,ញឹក សាវ៉ាន់
2264,ប៉ែន យ៉េន
2265,ក្រម ទូច
2266,ឃាង សុផល
2267,ស្រី ពៅ
2268,ទី ស៊ីវន
2269,រ៉េត អម្ពរ
2270,សៅ សីម៉ា
2271,ម៉ាក សុភក្ត្រ
2272,ឆន សុគន្ធរី
2273,ប៉ាង តារា
2274,អិម ចិន្តា
2275,ឱម សុខ
2276,ឆោម ពីលីកា
2277,លិម សាកងៀ
2278,សាន់ សារឿន
2279,ជឹម សាម៉ន
2280,លិម សុគម
2281,អិម ចំរើន
2282,ឃិន សុខ
2283,ជាម រតនា
2284,ហ៊ុន ពិជ
2285,ចេន ក្រយ៉ា
2286,សុង ជ័យ
2287,សរ សុមេធា
2288,ឌួង ឈូក
2289,តាត ផាល្លេះ
2290,ទឹក សាវ៉េត
2291,ប៉ាង សាកងៀ
2292,កែវ ណារី
2293,សៀង ចន្ទ
2294,កែវ ហេង
2295,ហេង ឈូក
2296,ជី លីនដា
2297,ឈិត វីរៈ
2298,ចន្ទ ឡេង
2299,កែប ផា
2300,ស ពិសិដ្ឋ
2301,សម សីហា
2302,រស់ ងួន
2303,ឆន ច័ន្ទដារិទ្ធ
2304,តូច រៅំឌើល
2305,អៀម សមសួន
2306,ហូ សាំភេះ
2307,ឡាយ ប៊ុន
2308,សាត កែវ
2309,សុង ណែន
2310,ស៊ន សាន
2311,ជិន រតនា
2312,យស់ សុភា
2313,សេង រូ
2314,រ៉ន ពិជ
2315,ង៉ុយ សឺម៉ន
2316,សង ស្រីនាថ
2317,សោម ស៊ីណាត
2318,លី ផ្កា
2319,រ៉ន សាកងៀ
2320,សម រ៉ន
2321,ខៀវ សារិទ្ធ
2322,រ៉េត ម៉ាឡាន
2323,មួយ សោភា
2324,ស៊ុន សុភាព
2325,ជិន រង្សី
2326,ឃិន ចាន់ណា
2327,ឱម វិទូ
2328,មូល សំ
2329,ប៉ែន សុធី
2330,ស សែន
2331,យស់ សុគម
2332,ខេម ពៅ
2333,ហេង ចាន់ណា
2334,វ៉ាង ធារី
2335,ឌួង ណាត់
2336,មាន សុគន្ធ
2337,សោម ម៉ម
2338,មា ព្រះ
2339,ក្រម ភួង
2340,ចាន់ សារឿន
2341,យស់ ឆោម
2342,ឆោម សុភា
2343,នី សីហា
2344,ស៊ី ចំណាន
2345,សាន ហ៊ិន
2346,កែប ចន្ទនារី
2347,កែវ ម៉ៅ
2348,មូល ចាន់ធី
2349,មាន កែវមនី
2350,ជ័យ សូនីតា
2351,សាង សម្រិត
2352,លីម មុនី
2353,ហ៊ិន យ៉ាន
2354,ទិត្យ សុភក្ត្រ
2355,ឈឹម គឹម
2356,ភី វណ្ណា
2357,ណាត់ គឹម
2358,សង សុគន្ធ
2359,យស់ ឯក
2360,ឃីម ខាន់
2361,ចន្ទ សមាត្រ
2362,ចាន់ បុប្ផា
2363,ង៉ុយ ឧសភា
2364,ហេង ម៉ាលី
2365,ជាម ចន្ថា
2366,កឹម រ៉ាយ
2367,តក់ ខាន់
2368,ចេន សុធី
2369,ជា សមសួន
2370,ឈឹម ទិព្វសព្ទ
2371,រស់ គុន្ធា
2372,ស៊ូ ជា
2373,ប៉ាង ហ្ស៊ូ
2374,ងួន វុឌ្ឍី
2375,ស្រី ណារ៉ុង
2376,គឹម មណី
2377,ទេព វីរៈ
2378,ឈិន សមាត្រ
2379,សុង សំ
2380,ហាក់ ធារី
2381,ហ៊ុន ចិន្ដា
2382,ហួយ ចិន្ដា
2383,ទុំ សម្បត្តិ
2384,ឡុង រិន
2385,ហ៊ិន បទុម
2386,ឆាយ រស្មី
2387,ជិន ស៊ីវន
2388,ស៊ី ពៅ
2389,ហូ យ៉េន
2390,ថៃ ធារិទ្ធ
2391,ឆាយ សុខ
2392,យស់ អម្ពរ
2393,សរ លីហ្សា
2394,តក់ ហ៊ឹម
2395,សៀង សាវឿន
2396,កែប ងួន
2397,ប៉ែន វណ្ណា
2398,ស ម៉ាលីន
2399,ហេង វណ្ណា
2400,ជ័យ ភាក្គ្លី
2401,មេង រតនា
2402,ញឹក ចន្ថា
2403,ជិន នី
2404,ងួន ចាង
2405,យូ យ៉ាន
2406,អៀម ជា
2407,សិន ឡុង
2408,ស្បោង ង៉ុយ
2409,ឯក ស្រីពេជ្រ
2410,អៀម អន
2411,ស៊ន គិត
2412,សឿង ព្រះ
2413,ជិន ធារិទ្ធ
2414,សៀង សុភាព
2415,អៀវ សុវណ្ណ
2416,លន់ ចំប៉ី
2417,យស់ រិន
2418,អៀម សារិទ្ធ
2419,ជឹម ចន្ថា
2420,រស់ សាវ៉ាន់
2421,ហុង ជ័យ
2422,ខេម សាន
2423,ជិន ធាន
2424,ធី វីឈៀត
2425,ចាប ពៅ
2426,ឃាង សេង
2427,សាន យ៉ាន
2428,ស សុភា
2429,លន់ ណាត់
2430,កែវ ភារៈ
2431,អាង ភារៈ
2432,ហ៊ិន ស៊ីណាត
2433,សន វណ្ណារី
2434,ហូ ខាន់
2435,ស៊ុយ ទេព
2436,ប៉ែន ឈូករតន៍
2437,សុខ សុជាតា
2438,កែប សារិន
2439,អ៊ុយ សារឿន
2440,សង ចន្ទនារី
2441,សៅ ចិន្ដា
2442,ជី ហាន់
2443,នី សីម៉ា
2444,ស សុផល
2445,ថៃ សំ
2446,វ៉ាង សាវឿន
2447,ឌី ចិន្ដា
2448,សរ ចាង
2449,ចុក សុផាត
2450,ស្បោង ស្រីមុំ
2451,ណាត់ ស៊ីវន
2452,ស្រី លំអង
2453,លីម ឡេង
2454,ឡាយ ស៊ីវន
2455,សាង មណី
2456,រួយ ក្រម
2457,ស៊ី សិរី
2458,សន ណាន
2459,ស៊ុយ សារិទ្ធ
2460,ទេព គឹម
2461,សម ស៊ីន
2462,ឈឹម សោភ័ណ
2463,ឆាយ ស៊ីណា
2464,រ៉ន ង៉ុយ
2465,ជី វណ្ណា
2466,យស់ សុខា
2467,សេង ទូច
2468,តូច ថាត់
2469,ឱ វណ្ណារី
2470,ជឹម ណារិទ្ធ
2471,ម៉ាក រ៉ាយ
2472,ង៉ុយ រស់
2473,ស៊ី សមសួន
2474,លី ពិជ័យ
2475,អ៊ុំ ហេង
2476,ស ណារ៉ុង
2477,សិន សូនីតា
2478,ស៊ី ផ្កា
2479,ប៉ុក រៅំឌើល
2480,ថន ស៊ី
2481,ឱ ហៀក
2482,លីម ទិព្វសព្ទ
2483,ឌី លក្ស្មី
2484,ទាវ សែន
2485,អ៊ុំ ណារី
2486,ខៀវ ស្រីមុំ
2487,វ៉ាង យ៉ាន
2488,សឿង រ៉ាយ
2489,ជឹម លីនដា
2490,ជា បុប្ផា
2491,ឈឹម ចំប៉ី
2492,លីម រិន
2493,អ៊ុយ សាត
2494,តាង ពិរុណ
2495,ហ៊ិន ស្រីមុំ
2496,ឈិត គឹម
2497,គ្រី លាភ
2498,ជ័យ បុប្ផា
2499,ជា ណាន
2500,ជិន ព្រះ
2501,ង៉ុយ សំណាង
2502,ស៊ន សិរី
2503,សឿង ណែន
2504,ស៊ន សំណាង
2505,ចន្ទ ណារ៉ុង
2506,ងិន ពីលីកា
2507,ស៊ុយ សុផល
2508,ង៉ុយ សុជាតា
2509,ចុក សាវឿន
2510,ណាត់ សុម៉ាលី
2511,ងួន ម៉ាលីន
2512,ស៊ន សុផល
2513,កឹម សុគម
2514,ពិជ សុជាតា
2515,ហួយ ច័ន្ទដារិទ្ធ
2516,ម៉ៅ សុខ
2517,ឱ កុសល
2518,ឈឹម ឈូក
2519,ឱ ឈៀង
2520,សម សាត
2521,ប៉ាង ពៅ
2522,លីម ណារ៉ុង
2523,រ៉េត សុភាព
2524,ជិន ដានី
2525,សួន ពិសាល
2526,សេង រឿន
2527,ម៉ាក លីហ្សា
2528,ផាន ថាត់
2529,ថៃ សំណាង
2530,សម សោភា
2531,ឱម ជា
2532,រួយ សាវឿន
2533,កែប បុប្ផា
2534,ទាវ ឆោម
2535,អ៊ូ មុនី
2536,សន ចំណាន
2537,ប៉ាង សិរី
2538,ងិន សម្បត្តិ
2539,សុន នួន
2540,មួយ សុខ
2541,មូល បុប្ផា
2542,មេង ទូច
2543,ផាន សុខា
2544,គ្រី កុម្ភៈ
2545,មាន សុភក្ត្រ
2546,ទុំ ម៉ាលី
2547,ហាក់ ស្រីនិច
2548,ម៉ាក វាសនា
2549,សរ ធី
2550,ង៉ុយ ចំរើន
2551,ប៊ុន ប៊ុនហេង
2552,ម៉ៅ សុភា
2553,តាត ទេព
2554,មូល និសា
2555,អុង ម៉ាលីន
2556,សួន ទូច
2557,អិម ខាន់
2558,សេង គឹម
2559,ឃីម សុវណ្ណា
2560,តាង សាវឿន
2561,ហូ ហ៊ិន
2562,ហ៊ុន រស្មី
2563,ស្រី សាំភេះ
2564,មា ញាន
2565,ស៊ីន និស្ស័យ
2566,ឌួង សាន
2567,ទុំ លី
2568,អៀវ ណាង
2569,ខេម ច័ន្ទមុនី
2570,ងួន គុន្ធា
2571,សឿង សុផល
2572,ឈិត ម៉ូនីកា
2573,តាំង ភាក្គ្លី
2574,មាន ចន្ថា
2575,ហុក ហាន់
2576,រស់ ណាត់
2577,សុខ សំណាង
2578,សោម ពាង់
2579,ប៊ុន សំ
2580,ប៊ុន និមល
2581,សឺន នួន
2582,សុខ ជា
2583,សោម សំណាង
2584,មាស លាង
2585,ផាន សារិទ្ធ
2586,សូ ចន្ថា
2587,ញឹក សិរី
2588,ហ៊ិន សុផល
2589,អ៊ុយ សុគន្ធកញ្ញា
2590,ហូ រិន
2591,អុង ជ័យ
2592,ទឹក សៀន
2593,ប៉ុក សុខា
2594,ឯក វណ្ណា
2595,អិម ក្រម
2596,អុង ស្រីមុំ
2597,ជី សម្ផស្ស
2598,ខាត់ កែវ
2599,វ៉ាង បទុម
2600,សរ សំ
2601,សរ សារិទ្ធ
2602,ងួន សាកងៀ
2603,កឹម ធា
2604,ឃីម បុប្ផា
2605,ធី ភាក្គ្លី
2606,សរ ពៅ
2607,កែប សុកមាញ
2608,គឹម រឿន
2609,លី ផាល្លេះ
2610,ទ្រី ណែន
2611,ម៉ាក ញាន
2612,សង បូណ៌មី
2613,វ៉ាង រ៉ាយ
2614,ស សម្បត្តិ
2615,ងិន សែន
2616,ហេង រៅំឌើល
2617,ឆាយ ធី
2618,អ៊ុយ ឆោម
2619,ឱ អន
2620,មាន មណី
2621,លិម រស្មី
2622,អ៊ូ សុទ្ធា
2623,ថន ចិន្តា
2624,សែន មុនី
2625,ចាប ណារ៉ុង
2626,សរ ងិន
2627,ឌួង ដានី
2628,មាស សុផល
2629,ពិជ ឫទ្ធិ
2630,សួន មុនី
2631,ឃាង ស្រីពេជ្រ
2632,ស៊ន ទឹក
2633,ធី លក្ស្មី
2634,ឌី ផ្កា
2635,ជ័យ ស្រីមុំ
2636,ប៉ែន ស៊ីណា
2637,ឈិន ឈូក
2638,ឱក សុភក្ត្រ
2639,វង្ស ផាល្លេះ
2640,ស៊ីន ឆោម
2641,សង មាស
2642,សូ ណាន
2643,ប៉ែន វីឈៀត
2644,ឯក ម៉ាលីស
2645,អុង ពិសាល
2646,ភី សុគម
2647,ដាញ់ សាត
2648,សន សុខា
2649,សុង សមាត្រ
2650,ឌុល សាវឿន
2651,ខាត់ ស៊ីណា
2652,មួយ ផល្លា
2653,សួន ប៉ែន
2654,ប៉ាង ហ៊ឹម
2655,ចាន់ ស្រីមុំ
2656,សិន ស្រីនាង
2657,សោម កុសល
2658,ទ្រី សារឿន
2659,យូ ស៊ីណា
2660,នី សៀន
2661,តក់ ក្រយ៉ា
2662,ឃីម ផល្លា
2663,អ៊ូ ទេព
2664,អ៊ុំ សុភាព
2665,ថៃ ឈៀង
2666,សុខ ស្រីមុំ
2667,មាស សុខា
2668,ងិន ផល្លា
2669,តូច វណ្ណា
2670,ហុង តុលា
2671,ប៊ុន លីនដា
2672,អ៊ុច ផាល្លេះ
2673,ធី វណ្ណា
2674,ខាយ សូនីតា
2675,មា រិន
2676,សោម សុគន្ធា
2677,ឌុល អម្ពរ
2678,ជិន សូហ្វី
2679,ពិជ ក្រយ៉ា
2680,លន់ សុកមាញ
2681,សេង ឡុង
2682,ជី ស្រីពេជ្រ
2683,សុន សែន
2684,ពេជ្រ វណ្ណា
2685,សួន រដ្ឋា
2686,ប៊ុន ណាង
2687,សៅ ស្រីមុំ
2688,ខៀវ គឹម
2689,មួយ បុប្ផា
2690,អិម ម៉ាលី
2691,ជី ស្រីណាត
2692,ពិជ ពីលីកា
2693,ចុក ថាត់
2694,ជិន ឆេង
2695,គួច កែវ
2696,មាន លីនដា
2697,ងិន សុភ័ក្រ្ត
2698,រស់ សុបឺណ
2699,សម សីម៉ា
2700,សាន សុជាត
2701,រួយ ទេព
2702,ទុំ គឹម
2703,អាង លីហ្សា
2704,លី ណារ៉ុង
2705,ង៉ុយ ស៊ីណា
2706,អៀវ ខេម
2707,សុន ពិសាល
2708,រ៉េត វឌ្ឍនា
2709,ទី ក្រយ៉ា
2710,ស្បោង ហេង
2711,ង៉ុយ លាង
2712,រស់ ចិន្តា
2713,អៀវ កែវមនី
2714,ឃីម ទូច
2715,សាង សុខា
2716,ទី យ៉េន
2717,យូ ស៊ីណាត
2718,ស រតនា
2719,អិម គុន្ធារ
2720,ថៃ រតនា
2721,សៅ ទុយ
2722,ញឹក ម៉ៅ
2723,លីម ចន្ថា
2724,សួន ឆេង
2725,រស់ មណី
2726,ចេង វិបុល
2727,ឆន ឡេង
2728,ជឹម សាត
2729,អៀម ធា
2730,ចុក សឺម៉ន
2731,ស៊ុន ស៊ីន
2732,កែប ម៉េង
2733,ឌួង សាំភេះ
2734,មាន ម៉ូនីកា
2735,សន បុប្ផា
2736,ចន្ទ ទូច
2737,រ៉ន សារិទ្ធ
2738,ឆោម សម្បត្តិ
2739,នី សុភា
2740,ហាក់ រដ្ឋា
2741,ងួន មាស
2742,ទិត្យ ឆោម
2743,សុខ យ៉េន
2744,ណាត់ សុខ
2745,ជឹម ងួន
2746,សូ សារ៉េត
2747,សង ម៉ូនីកា
2748,តាំង ចំរើន
2749,ដួង ញាន
2750,ហ៊ុន សារិទ្ធ
2751,សៅ និមល
2752,កែវ ប៊ុន
2753,សុង សែន
2754,ឱក ណារ៉ុង
2755,ចុក ពៅ
2756,សុន ឯក
2757,ឡាយ ម៉ម
2758,ស ហេង
2759,ឱ ឆោម
2760,សម ម៉េង
2761,ហុង រូ
2762,រស់ ចំប៉ី
2763,កែវ ច័ន្ទដារិទ្ធ
2764,ហាក់ វណ្ណា
2765,ហួយ ម៉ាលី
2766,កែប លី
2767,ឌិន សុទ្ធា
2768,ស ម៉ម
2769,ហ៊ិន ស៊ី
2770,ឆន វាសនា
2771,ស៊ុន ភារៈ
2772,ឡុង ពិសាល
2773,ជិន សុមេធា
2774,សម សិទ្ធិស័ក្តិ
2775,សុង សារឿន
2776,ថន ឧសភា
2777,ចេន ហុក
2778,សោម សោភ័ណ
2779,ទី ផាន
2780,ឌិត ម៉ៅ
2781,ហ៊ិន ម៉ូនីកា
2782,ចាប សារិទ្ធ
2783,ហ៊ិន សារ៉េត
2784,ទេព ធី
2785,ដួង ពិសិដ្ឋ
2786,ឈិត សុផាត
2787,ឃិន សារឿន
2788,កែវ សំ
2789,កឹម ទូច
2790,គួច ហាន់
2791,ស្រី សុខ
2792,អ៊ូ ភារៈ
2793,ទិត្យ នួន
2794,ឱ ចិន្តា
2795,ធី ម៉ាលី
2796,ឡាយ ជ័យ
2797,ស៊ន សុភា
2798,ស៊ុយ ណារ៉ុង
2799,សុង និមល
2800,សរ ពិសាល
2801,សិន កែវ
2802,ជី តារា
2803,ពិជ ណារី
2804,ផាន រ៉ាយ
2805,សិន ផ្កា
2806,យូ ហ៊ឹម
2807,ថៃ រូ
2808,ពិជ សុវណ្ណា
2809,ជិន កុសល
2810,សរ សាវ៉ាន់
2811,ស ដែវី
2812,ឌិត រិន
2813,ស្បោង សំណាង
2814,ជិន ជា
2815,សេន ម៉ាលីស
2816,សាង វុឌ្ឍី
2817,ឌួង ឫទ្ធិ
2818,វង្ស សុខា
2819,ចេន រតនា
2820,សាត លីហ្សា
2821,ស៊ូ លី
2822,ង៉ុយ ចិន្តា
2823,កឹម ចន្ទ
2824,ឈិន ស្បោង
2825,ថៃ ច័ន្ទដារិទ្ធ
2826,សុង ស៊ីណា
2827,ហួយ ពិសាល
2828,ឱក វីរៈ
2829,កាំង ងួន
2830,មួយ សារុន
2831,ផាន ណាត់
2832,សៀង សុបឺណ
2833,ឌុល ស៊ី
2834,ថន ម៉ាឡាន
2835,វ៉េត ឫទ្ធិ
2836,ប៉ែន ជា
2837,លីវ លក្ស្មី
2838,លីម សុខា
2839,ស សីហា
2840,ស រដ្ឋា
2841,ស៊ន លំអង
2842,ស ទេព
2843,ជា ងួន
2844,សាត វាសនា
2845,មា វណ្ណា
2846,លី ចំប៉ី
2847,ជា ឈៀង
2848,ជី វណ្ណា
2849,ចេន សុភក្ត្រ
2850,ស ច័ន្ទដារិទ្ធ
2851,ផាន សុផល
2852,ថៃ សុភា
2853,ស៊ុយ សាកងៀ
2854,ពេជ្រ សុភាព
2855,អ៊ុយ ចន្ទ
2856,សួន វណ្ណា
2857,សិន និមល
2858,ទុំ ដានី
2859,សាត ភួង
2860,ខាយ វាសនា
2861,ជិន ទូច
2862,សរ ធាន
2863,សៅ សោភា
2864,តាង វីរៈ
2865,ជា សារ៉េត
2866,ទឹក សុភាព
2867,មួយ សូនីតា
2868,អុង បុប្ផា
2869,សិន ស្បោង
2870,ជាម ស៊ីវន
2871,រ៉ន យ៉ាន
2872,ស៊ុន ងិន
2873,តាំង ស៊ីន
2874,អិម សុភក្ត្រ
2875,កាំង រូ
2876,ទិត្យ ចន្ថា
2877,សម កុម្ភៈ
2878,សួន សុខ
2879,វ៉េត សុគន្ធកញ្ញា
2880,លីវ សមាត្រ
2881,ហ៊ុន វណ្ណា
2882,ដាញ់ ច័ន្ទដារិទ្ធ
2883,នី វណ្ណា
2884,យូ វុឌ្ឍី
2885,សរ សុវណ្ណា
2886,ម៉ាក រ៉េត
2887,ចន្ទ ឧសភា
2888,សាង សុផាត
2889,មាស ចន្ទ
2890,ទូច ភួង
2891,សៅ សេង
2892,សៀង ចិន្តា
2893,មូល សុខា
2894,ស សុទ្ធា
2895,ទាវ សៀន
2896,ស៊ន ម៉ៅ
2897,ឯក វីរៈ
2898,សូ សាម៉ន
2899,តូច ដានី
2900,ឆន សមសួន
2901,អ៊ុច និមល
2902,ស៊ន វណ្ណា
2903,ទិត្យ សុផាត
2904,ជឹម គិត
2905,ឌិន ស្រីនិច
2906,ចេន វិបុល
2907,ទាវ រិន
2908,សង ឡេង
2909,ស៊ន រ៉េត
2910,រួយ ណាន
2911,សរ ហ៊ឹម
2912,ស៊ុយ ចិន្ដា
2913,ចេន លុយ
2914,ខៀវ សីម៉ា
2915,អៀវ គុន្ធា
2916,ម៉ៅ គឹម
2917,ហាក់ ញាន
2918,សម ផ្កា
2919,ស៊ុយ រូ
2920,លន់ សៀន
2921,ឈឹម រតនា
2922,ជិន សាត
2923,សរ គឹមលា
2924,សោម ចន្ថា
2925,តាំង រ៉ន
2926,ខៀវ ម៉ម
2927,កែប សុជាត
2928,ស៊ី វណ្ណា
2929,ឈិន ម៉ៅ
2930,ជឹម សុធី
2931,សឿង សិរី
2932,ខាត់ អន
2933,ប៊ុន សុបឺណ
2934,ម៉ៅ ណារ៉ុង
2935,ឌិន រ៉ន
2936,ជី សោភា
2937,ដាញ់ សោភា
2938,កែប សុខា
2939,កែវ ឱក
2940,អ៊ុច សាំភេះ
2941,ជាម ទេព
2942,ឌួង រ៉ន
2943,សឿង ពិសិដ្ឋ
2944,យុន លី
2945,ឆាយ គឹម
2946,រស់ ស្រីមុំ
2947,ដាញ់ វីរៈ
2948,វ៉េត ណាង
2949,សែន សាវ៉ាន់
2950,ស ធារី
2951,រស់ វីឈៀត
2952,ឃិន ផ្កា
2953,គ្រី អន
2954,ចុក ម៉ៅ
2955,គ្រី សារឿន
2956,លិម ចន្ទ
2957,ប៉ែន សូនីតា
2958,ហ៊ិន ជា
2959,ជា ចន្ថា
2960,រស់ សាត
2961,រស់ និមល
2962,ពិជ ជា
2963,ភួង ចំរើន
2964,ផាន គុន្ធារ
2965,វ៉េត សៀន
2966,ម៉ាក សិរី
2967,ទី ទិព្វសព្ទ
2968,សុខ សាមៀន
2969,ស៊ន និមល
2970,ចេង រូ
2971,វ៉េត សមាត្រ
2972,អិម សាវឿន
2973,សឿង វុឌ្ឍី
2974,ម៉ាក មុនី
2975,ជ័យ ហេង
2976,ឃិន វិបុល
2977,ស៊ុន ចន្ថា
2978,ខេម បញ្ញា
2979,ស ចន្ថា
2980,ឌុល សុគម
2981,ខាយ ងួន
2982,ឱក អម្ពរ
2983,ថន សុខា
2984,ឱម លំអង
2985,ភួង សុភក្ត្រ
2986,ខាត់ ខាន់
2987,ជឹម បុប្ផា
2988,អុង ង៉ុយ
2989,ស និមល
2990,លី លុយ
2991,ទី និសា
2992,ឈិន សុវណ្ណា
2993,សង ស្រីណាត
2994,កឹម សំណាង
2995,សុង សុវណ្ណា
2996,ហុក សំណាង
2997,ខាត់ រតនា
2998,ឌួង សិទ្ធិស័ក្តិ
2999,ឱ ញាន
3000,ឈិត ចិន្ដា
3001,ម៉ាក ពាង់
3002,ស៊ន សារិន
3003,សុន ស៊ីណា
3004,អ៊ុំ ងិន
3005,ឡុង ម៉ូនីកា
3006,សាយ ចិន្តា
3007,ហាក់ លុយ
3008,សៀង សុមេធា
3009,សុខ សុទ្ធា
3010,ទិត្យ មណី
3011,ឌួង ទេព
3012,សៀង សាវ៉ាន់
3013,សម គុន្ធារ
3014,ប៉ុក សំ
3015,ខាត់ សូហ្វី
3016,ខ្លូត រូ
3017,ឈឹម ធា
3018,អាង ស្បោង
3019,សៀង ឡេង
3020,ជឹម សោភា
3021,ម៉ៅ ច័ន្ទមុនី
3022,សិន ណាន
3023,សង ខាន់
3024,គឹម សូរិយា
3025,ង៉ុយ ពិសី
3026,មាស កុសល
3027,សរ រដ្ឋា
3028,ប៉ែន សុខា
3029,ទាវ កុម្ភៈ
3030,សាត ញាន
3031,សុន រតនា
3032,ទាវ លាង
3033,ក្រម មាស
3034,អាង សុភក្ត្រ
3035,អ៊ុំ កែវមនី
3036,សង សមសួន
3037,តាង រស់
3038,ឌី ចន្ថា
3039,ចុក ណាត់
3040,ខ្លូត ណែន
3041,សេន ស្រីនាង
3042,ចេន សុភ័ក្រ្ត
3043,អ៊ុច ប៊ុនថៃ
3044,ថៃ ខាន់
3045,អ៊ូ សារិទ្ធ
3046,ក្រម ប៊ុនហេង
3047,សៀង រតនា
3048,ម៉ាក ម៉ូនីកា
3049,សាន់ វណ្ណា
3050,សៀង ទិព្វសព្ទ
3051,ឈឹម តារា
3052,មាន រូ
3053,អាង ធី
3054,លី ស៊ីណាត
3055,តូច ដានី
3056,ស្រី ទិព្វសព្ទ
3057,ចុក សុគន្ធកញ្ញា
3058,លិម សារឿន
3059,ហុក នី
3060,ស្បោង សារឿន
3061,ចេន ស្រីមុំ
3062,សុខ ស្រីនារ
3063,ដួង សោភ័ណ
3064,ទូច ហៀក
3065,ថៃ ជា
3066,ទេព សាំភេះ
3067,ប៉ាង រដ្ឋា
3068,ម៉ាក ខាន់
3069,គួច សៀន
3070,សរ កែវ
3071,កាំង យ៉ាន
3072,ម៉ៅ បុប្ផា
3073,ចន្ទ ស្រីនួន
3074,សាត និមល
3075,សឿង ទេព
3076,ចន្ទ សុវណ្ណា
3077,ទូច ដារា
3078,កែប ចិន្ដា
3079,ចេង ម៉ាលីន
3080,ម៉ៅ សុគម
3081,ម៉ាក រឿន
3082,អៀម សុខា
3083,ទាវ ធារិទ្ធ
3084,សេន មាស
3085,រស់ ហ៊ិន
3086,សុង ដារា
3087,អ៊ុច បុប្ផា
3088,តាំង សារុន
3089,សង តារា
3090,សាត ណាត់
3091,សេន ចំរើន
3092,មា វីរៈ
3093,ដាញ់ ស្រីនិច
3094,រស់ រ៉ន
3095,ស៊ន សាន
3096,អុង ម៉េង
3097,ឃិន គុន្ធា
3098,លីម ចាន់ណា
3099,នី ជ័យ
3100,សាន គឹម
3101,ជិន ហ៊ិន
3102,ស៊ីន ទូច
3103,សាន សារិទ្ធ
3104,ពេជ្រ គិត
3105,ទូច ផា
3106,ហួយ ហ៊ឹម
3107,មួយ សាម៉ន
3108,សន ភួង
3109,ស៊ន ធារី
3110,ហួយ កុសល
3111,រួយ ស៊ីណា
3112,លន់ ពិជ័យ
3113,ចន្ទ ហាន់
3114,ពេជ្រ អម្ពរ
3115,ឱម ហេង
3116,មូល គុន្ធារ
3117,សន វណ្ណា
3118,អ៊ុច លាង
3119,សរ អន
3120,អាង កែវ
3121,ឡុង ផា
3122,តក់ សុទ្ធា
3123,ចាន់ ទេព
3124,ជិន សុភា
3125,សម លី
3126,កូយ គិត
3127,ខាយ សម្រិត
3128,ម៉ាក ម៉ាឡាន
3129,កែវ ស៊ីន
3130,វង្ស អន
3131,ចេន សុខា
3132,ទេព សុគន្ធ
3133,មា គឹម
3134,តាត ស្រីពេជ្រ
3135,ញឹក ពៅ
3136,មា ចិន្តា
3137,ហួយ ស្រីនាង
3138,កែប សារឿន
3139,ស បូណ៌មី
3140,តាំង សុភា
3141,វ៉េត សាវ៉េត
3142,សាត ស្រីមុំ
3143,ហួយ ព្រះ
3144,លីម ស្រីនាថ
3145,រួយ សៀន
3146,ភី សុខ
3147,សរ ណាត់
3148,ឱ វាសនា
3149,ឈឹម កុម្ភៈ
3150,ជាម វណ្ណា
3151,តូច ពិសិដ្ឋ
3152,គួច សុផល
3153,អៀវ បទុម
3154,ញឹក យ៉ាន
3155,សូ ព្រះ
3156,តក់ បញ្ញា
3157,សរ ចន្ថា
3158,សៅ ទឹក
3159,សួន ឈូក
3160,ស រិន
3161,សុន វិបុល
3162,ដួង សាម៉ន
3163,ម៉ៅ ធី
3164,តាំង ឱក
3165,ប៉ុក ឡេង
3166,ម៉ាក សុទ្ធា
3167,ឱម យ៉េន
3168,អ៊ុច មុនី
3169,អាង វិជ្ជរ៉ា
3170,អៀម ស៊ី
3171,ស៊ុន ស្រីពេជ្រ
3172,អិម សារឿន
3173,ម៉ៅ ស្រី
3174,ទិត្យ ម៉ៅ
3175,អ៊ូ សាន
3176,លិម សាវ៉េត
3177,សរ បទុម
3178,យស់ វណ្ណា
3179,តក់ សុខ
3180,សួន សាវឿន
3181,ង៉ុយ សារុន
3182,ឱម ឫទ្ធិ
3183,សុង វិទូ
3184,លីម ស៊ីវន
3185,ជា ញាន
3186,សួន ផល្លា
3187,រ៉េត បទុម
3188,ជា សុគម
3189,អៀវ នី
3190,ភី ទេព
3191,ពេជ្រ ចន្ថា
3192,ហ៊ឹម ក្រម
3193,សន ផ្កា
3194,ស្រី វិបុល
3195,អ៊ុយ គឹម
3196,ដួង សាវ៉ាន់
3197,ភី ប៊ុនថៃ
3198,ឈិន ទឹក
3199,សរ សុគន្ធរី
3200,រួយ សែន
3201,ស៊ុយ ភាក្គ្លី
3202,យស់ សារិទ្ធ
3203,សួន ឧសភា
3204,គឹម ផាល្លេះ
3205,ចេង ពិសិដ្ឋ
3206,កែប ស្រីនិច
3207,សាន វណ្ណា
3208,ប៉ុក ក្រយ៉ា
3209,សន សុភាព
3210,សូ សាវ៉េត
3211,ចាប សាវឿន
3212,ឆន ពិជ័យ
3213,ពិជ សុមេធា
3214,អ៊ូ កុសល
3215,ចេន សិទ្ធិស័ក្តិ
3216,យូ សុខ
3217,សរ លំអង
3218,ឌួង នី
3219,ឌួង ផាន
3220,ទុំ ភួង
3221,ប៉ាង សុជាត
3222,ងិន គុន្ធារ
3223,ចេន សុខ
3224,គួច អម្ពរ
3225,ដួង ខាន់
3226,ប៉ុក ពិសិដ្ឋ
3227,ថន ងិន
3228,រស់ រូ
3229,សាន់ វាសនា
3230,ឃាង សុភា
3231,ពេជ្រ អន
3232,លី អន
3233,ស៊ី សំ
3234,ទូច តុលា
3235,ហាក់ ចន្ថា
3236,ឈិត គឹមលា
3237,កែវ វុឌ្ឍី
3238,ទិត្យ ស៊ី
3239,សៀង ស្រីនិច
3240,ស៊ុន ហ្ស៊ូ
3241,ភី ផាន
3242,ចេន និមល
3243,ថន ស្រីពេជ្រ
3244,សៅ សុវណ្ណា
3245,សោម វាសនា
3246,ង៉ុយ ចាង
3247,យូ ទេព
3248,អិម ម៉ៅ
3249,ស៊ូ មាស
3250,យូ ណារ៉ុង
3251,ង៉ុយ ស្រីណាត
3252,សៅ សុគន្ធា
3253,អៀវ ស៊ីណា
3254,ទី ដារា
3255,ភី ហៀក
3256,តក់ នួន
3257,ខ្លូត ហ៊ឹម
3258,ម៉ៅ ងិន
3259,អ៊ូ សុម៉ាលី
3260,លីវ ឈិត
3261,ហុក ជ័យ
3262,ស៊ូ សង
3263,សន សុភក្ត្រ
3264,ឆាយ ច័ន្ទដារិទ្ធ
3265,សែន លាង
3266,ហួយ ខាន់
3267,សួន ដានី
3268,ឱ សុភក្ត្រ
3269,ភួង សោភា
3270,ងួន ម៉ាលីស
3271,សរ លក្ស្មី
3272,ឈិត សារឿន
3273,ម៉ាក មាស
3274,កែប សាំភេះ
3275,មួយ ម៉ាលីន
3276,ស៊ី សារុន
3277,ទេព លីហ្សា
3278,សេង សាកងៀ
3279,សាយ ស្រីមុំ
3280,សៀង ហាន់
3281,ញឹក ស្រីមុំ
3282,ឆន ថាត់
3283,កាំង លំអង
3284,សាត សោភ័ណ
3285,យស់ សារុន
3286,ង៉ុយ ចាន់ធី
3287,សាន និមល
3288,ឈិត លី
3289,តាង សម្បត្តិ
3290,ក្រម ក្រយ៉ា
3291,ឈឹម ស៊ីណាត
3292,ស្រី រស់
3293,ឌី សាម៉ន
3294,សូ សារ៉េត
3295,កែប ម៉ូនីកា
3296,ឆោម សុភក្ត្រ
3297,ខាត់ សាំភេះ
3298,អុង សាត
3299,ធី វិទូ
3300,កែប ណាន
3301,ដាញ់ សុគន្ធរី
3302,ហេង សឺម៉ន
3303,ទិត្យ សុខា
3304,ឃិន ខាន់
3305,ងួន និមល
3306,ឡាយ សោភា
3307,សង រ៉ាយ
3308,ឆោម លាង
3309,ខាត់ វណ្ណា
3310,ឆន កុសល
3311,មាស ភួង
3312,សរ ឈៀង
3313,សុន គឹមលា
3314,រួយ ពិសិដ្ឋ
3315,ភី ណារ៉ុង
3316,នី ង៉ុយ
3317,សៀង ខាន់
3318,ស៊ុន ពៅ
3319,ទឹក បទុម
3320,ខាយ ថាត់
3321,ទ្រី ប៊ុន
3322,កូយ ចំណាន
3323,ប្រាក់ សឺម៉ន
3324,ហ៊ុន សាវឿន
3325,សាត សមាត្រ
3326,រស់ សាវឿន
3327,ទិត្យ សារិទ្ធ
3328,សៅ ម៉ាឡាន
3329,ជិន យ៉ាន
3330,សុន លក្ស្មី
3331,ឌួង សោភ័ណ
3332,សុខ ផា
3333,ប៉ុក រតនា
3334,ក្រម ហេង
3335,សៅ ចំប៉ី
3336,ងួន សារិទ្ធ
3337,ភី យ៉េន
3338,ប៉ែន សូហ្វី
3339,ហុង ឈូក
3340,ជឹម កែវ
3341,សោម ពៅ
3342,ឱម សុគន្ធរី
3343,ឈឹម ម៉េង
3344,សៅ ម៉េង
3345,គ្រី វឌ្ឍនា
3346,ឈិន សូនីតា
3347,សួន ខេម
3348,ទុំ សុខា
3349,ឌុល នី
3350,ហូ អម្ពរ
3351,សរ សង
3352,កែវ ធី
3353,ជឹម ស្រីនាថ
3354,សៅ ឡុង
3355,ឈឹម ផាន
3356,ជា ហៀក
3357,មា សុម៉ាលី
3358,ឆន ម៉ាលី
3359,ជិន យ៉េន
3360,ក្រម ស្បោង
3361,តក់ ចិន្តា
3362,ទូច ផាន
3363,ជ័យ សុខ
3364,សុខ ពាង់
3365,ហេង ពីលីកា
3366,ឌី ហេង
3367,ងួន សុធី
3368,អ៊ុច ឈិត
3369,មាន សម្បត្តិ
3370,សរ សាម៉ន
3371,យស់ សុគន្ធ
3372,ប៉ែន ទេព
3373,ខាយ ចន្ទនារី
3374,សន សារុន
3375,កែប គឹម
3376,ប៉ាង ហេង
3377,លីវ ទូច
3378,រស់ សាកងៀ
3379,មាន នី
3380,សង សុបឺណ
3381,ឱ សែន
3382,តូច សាវឿន
3383,ខៀវ ហេង
3384,អ៊ុំ ចិន្តា
3385,ស៊ីន ស្រីមុំ
3386,កូយ ណាត់
3387,មា រឿន
3388,ស្បោង សែកា
3389,សាត សូហ្វី
3390,សាត ចិន្តា
3391,សន សំណាង
3392,ចុក ស៊ីន
3393,សន សិទ្ធិស័ក្តិ
3394,ង៉ុយ ចន្ទ
3395,ទ្រី កែវ
3396,កឹម សមាត្រ
3397,សន សារ៉េត
3398,ជិន សម្បត្តិ
3399,ឃីម រដ្ឋា
3400,ឆោម លី
3401,វង្ស សុភា
3402,មាស សុធី
3403,ស ទូច
3404,ឱ សុគន្ធ
3405,ឈិត បុប្ផា
3406,អ៊ូ សុភា
3407,លីម សាមៀន
3408,ពិជ សំណាង
3409,គ្រី ពិជ័យ
3410,ប៉ែន ណារ៉ុង
3411,ឱម ឈូករតន៍
3412,សៅ ច័ន្ទដារិទ្ធ
3413,យស់ ទូច
3414,ទឹក ហ្ស៊ូ
3415,ចេន អន
3416,តាំង ណាន
3417,សាត សារឿន
3418,លិម សៀន
3419,ហុក ស្បោង
3420,សឿង ភួង
3421,ប៊ុន អម្ពរ
3422,ហុង សិរី
3423,ម៉ាក ស៊ីន
3424,អុង រិន
3425,រួយ ទូច
3426,ឃីម សុភក្ត្រ
3427,ស្រី ហាន់
3428,សរ មណី
3429,ងិន ម៉ូនីកា
3430,សរ សមាត្រ
3431,ដាញ់ បញ្ញា
3432,ធី សម្រិត
3433,ជិន ពៅ
3434,ញឹក រតនា
3435,សេន សីម៉ា
3436,មាន គឹមលា
3437,សង សុម៉ាលី
3438,ឃិន ម៉ាលីស
3439,លី ង៉ុយ
3440,ហេង សំ
3441,កែប ស៊ីណាត
3442,សម ធាន
3443,ទី ពិជ
3444,ហូ សំណាង
3445,លន់ សោភា
3446,ឈិន សេង
3447,គ្រី ម៉ាលីស
3448,ហ៊ឹម រដ្ឋា
3449,ចុក ស្រីមុំ
3450,ណាត់ ហេង
3451,ជី សុវណ្ណ
3452,ឱម វីឈៀត
3453,អាង ភួង
3454,ហូ ផ្កា
3455,ស៊ុយ គឹម
3456,អិម គឹម
3457,គឹម លី
3458,វង្ស សុភក្ត្រ
3459,ប៉ែន លីហ្សា
3460,លី សុម៉ាលី
3461,សុន សុវណ្ណា
3462,ឌិន លាង
3463,កឹម ចន្ថា
3464,សង សិទ្ធិស័ក្តិ
3465,ហុង សុភា
3466,ជា ពីលីកា
3467,ចាន់ រ៉េត
3468,ណាត់ វណ្ណា
3469,ណាត់ ធារី
3470,ឃិន សមាត្រ
3471,មូល ស្រីនារ
3472,ឌុល ស្រីណាត
3473,ឌួង និស្ស័យ
3474,ឈិត សាវឿន
3475,ភួង សារិន
3476,ម៉ៅ ស៊ីណា
3477,ឌួង កុសល
3478,រស់ ធា
3479,ជិន សុភក្ត្រ
3480,ទេព ចាន់ណា
3481,អិម ចំណាន
3482,តាត គុន្ធា
3483,សឿង សុភក្ត្រ
3484,ទាវ ផាល្លេះ
3485,សុខ ចំណាន
3486,ប្រាក់ ឡុង
3487,ហួយ ស្រីនារ
3488,វ៉ាង រតនា
3489,ឱក ថាត់
3490,សោម សឺម៉ន
3491,សៀង សុធី
3492,ទិត្យ សាវឿន
3493,អ៊ុំ រ៉ន
3494,សៅ ទិព្វសព្ទ
3495,ខេម ណាន
3496,ជាម សារុន
3497,ម៉ៅ សុភ័ក្រ្ត
3498,រស់ សារិទ្ធ
3499,ហ៊ឹម ស្រីពេជ្រ
3500,ថៃ ពីលីកា
3501,សោម ម៉ូនីកា
3502,ថន ស៊ីណា
3503,តាំង ហ៊ិន
3504,ខ្លូត លី
3505,ឆន សារឿន
3506,ឈិត ឆោម
3507,តក់ ឈិត
3508,ឯក សុភាព
3509,សោម ចំណាន
3510,កាំង សំ
3511,ងិន វុឌ្ឍី
3512,ខៀវ សៀន
3513,សន ថាត់
3514,ឆន ណាត់
3515,ស្រី ហ៊ិន
3516,ទេព ស៊ីណាត
3517,កែប រដ្ឋា
3518,ហួយ សុខ
3519,ចាប សាត
3520,គ្រី សុជាតា
3521,ដួង ហុក
3522,ទាវ វីឈៀត
3523,សរ រ៉ាយ
3524,ជាម ហាន់
3525,ហុក គិត
3526,ជី ខាន់
3527,យស់ សម្រិត
3528,វង្ស សិរី
3529,ស្រី សោភ័ណ
3530,ឌី វាសនា
3531,ឱម និស្ស័យ
3532,ស៊ីន រតនា
3533,នី បញ្ញា
3534,ខេម សាវឿន
3535,ប៉ុក ឈិត
3536,ឱក ចំរើន
3537,ភួង កែវមនី
3538,ជី ណារិទ្ធ
3539,ពេជ្រ លី
3540,សោម ចំរើន
3541,អ៊ុយ វិបុល
3542,សុង ហាន់
3543,ធី សុធី
3544,ទី ស្រីមុំ
3545,ឡាយ នី
3546,ឈឹម ម៉ាឡាន
3547,សាត ញាន
3548,លីវ រឿន
3549,សុខ សុគន្ធរី
3550,ប៉ែន សាវ៉ាន់
3551,ទុំ ឈូករតន៍
3552,អ៊ុយ វណ្ណា
3553,ទុំ លាភ
3554,ឆន សុភាព
3555,សាយ កុសល
3556,អៀវ ដានី
3557,ឆន កុម្ភៈ
3558,គ្រី វណ្ណា
3559,ម៉ៅ សុបឺណ
3560,សៅ សាត
3561,ទាវ សារិន
3562,ប្រាក់ ងិន
3563,អ៊ូ ប៉ែន
3564,ចុក ដែវី
3565,លិម ស៊ីណា
3566,មួយ សុទ្ធា
3567,សន ពិសិដ្ឋ
3568,ហុង សម្បត្តិ
3569,រស់ ឱក
3570,តូច រដ្ឋា
3571,ប្រាក់ សុផាត
3572,សាយ សុភាព
3573,ឡុង ចន្ថា
3574,លី នី
3575,សេង លី
3576,វ៉េត សម្បត្តិ
3577,យស់ កែវ
3578,ស៊ីន សូនីតា
3579,ហាក់ ថាត់
3580,ស លាង
3581,ក្រម ថាត់
3582,រស់ ដានី
3583,កូយ សាត
3584,ខេម សុភាព
3585,ជឹម សេង
3586,ស៊ុន ចន្ទនារី
3587,ឆាយ ហេង
3588,សិន ធារិទ្ធ
3589,គ្រី ក្រយ៉ា
3590,ណាត់ ឯក
3591,ឯក ផល្លា
3592,អៀម សុភា
3593,ឆន រដ្ឋា
3594,ស៊ុន ច័ន្ទដារិទ្ធ
3595,សាត ម៉ៅ
3596,ជិន វុឌ្ឍី
3597,មួយ រដ្ឋា
3598,ពេជ្រ នី
3599,សោម ឆេង
3600,ហូ ចាង
3601,យូ សំណាង
3602,យស់ សាវឿន
3603,អិម សូនីតា
3604,ទេព សាមៀន
3605,តាំង ម៉េង
3606,សោម ផល្លា
3607,មេង ណាន
3608,គឹម អន
3609,សៀង ឈួន
3610,រស់ ឡេង
3611,តាំង សាវ៉េត
3612,មេង សុជាតា
3613,ធី ម៉ាឡាន
3614,សាយ វុឌ្ឍី
3615,សួន សុផល
3616,សម សាម៉ន
3617,សូ ស្បោង
3618,ឱម សារិទ្ធ
3619,កែវ វណ្ណា
3620,ចេន សុជាត
3621,ស្បោង សិរី
3622,ខ្លូត សេង
3623,ជឹម ប៊ុន
3624,សៀង ទុយ
3625,ឡាយ ឡេង
3626,ស បទុម
3627,ជា សាវឿន
3628,ពេជ្រ លុយ
3629,សាយ លាង
3630,សៀង សារុន
3631,កាំង សុខា
3632,កែប ប៊ុនហេង
3633,សេន រ៉ន
3634,ស ស៊ី
3635,មូល សារឿន
3636,តក់ ហ៊ឹម
3637,អ៊ុច សំណាង
3638,ហាក់ រ៉ន
3639,ចេង ផ្កា
3640,ទូច សែកា
3641,រស់ នួន
3642,ម៉ៅ ណារិទ្ធ
3643,សៀង ញាន
3644,ឃិន កុសល
3645,ហុក ម៉ៅ
3646,ឃិន សុមេធា
3647,សរ ម៉ម
3648,សិន សង
3649,ដាញ់ យ៉េន
3650,សៅ ណាង
3651,ស៊ុយ វាសនា
3652,អៀម ហៀក
3653,ស៊ន ប៊ុនហេង
3654,សិន សម្រិត
3655,ខេម ហេង
3656,សង សុវណ្ណា
3657,ថន ម៉ាលីន
3658,ជិន សាវ៉េត
3659,ស៊ុន នី
3660,ប៊ុន ម៉ូនីកា
3661,តាង សាវ៉ាន់
3662,ប៉ាង ណាត់
3663,ប្រាក់ បទុម
3664,វ៉ាង កុម្ភៈ
3665,ស៊ន វីឈៀត
3666,រ៉េត សុគន្ធា
3667,សាត ពិសិដ្ឋ
3668,សាន់ រ៉ន
3669,អៀវ ឆោម
3670,សោម ឱក
3671,សាន់ និមល
3672,កែប វិទូ
3673,ម៉ៅ សុខា
3674,សម ផា
3675,ទ្រី ម៉ាលី
3676,ហ៊ិន រស្មី
3677,ឯក រៅំឌើល
3678,ជ័យ លាង
3679,ប៉ុក ព្រះ
3680,តាង គិត
3681,ឱម សិរី
3682,ឆន អន
3683,ឡាយ កែវ
3684,អ៊ុច សុភា
3685,សាង សុជាត
3686,សរ នី
3687,សុន កុសល
3688,ងិន ច័ន្ទដារិទ្ធ
3689,សាន់ សម្រិត
3690,រស់ សុមេធា
3691,ឆន សឺម៉ន
3692,ឃិន ញាន
3693,រ៉េត ពិជ
3694,លន់ សុភក្ត្រ
3695,សោម រូ
3696,ពិជ លំអង
3697,រួយ វណ្ណា
3698,សន រស្មី
3699,ស្បោង ចំរើន
3700,ឱម លី
3701,ឈឹម ម៉ាលី
3702,សុង នី
3703,ស ឡេង
3704,រស់ ពាង់
3705,ជឹម លី
3706,យូ សាន
3707,គឹម សុកមាញ
3708,ជី សែន
3709,សេន ហាន់
3710,សុន សមសួន
3711,សន សាវ៉េត
3712,កែប វឌ្ឍនា
3713,ម៉ាក សារឿន
3714,គួច ទូច
3715,យុន វីឈៀត
3716,យស់ និមល
3717,សង ចំប៉ី
3718,ហុក ម៉ូនីកា
3719,ស៊ន វាសនា
3720,ទូច ធី
3721,ឡុង កែវ
3722,វ៉េត សំណាង
3723,តក់ ណារិទ្ធ
3724,ស៊ូ សុខ
3725,ទី ទឹក
3726,មូល វុឌ្ឍី
3727,សាយ មាស
3728,ប៉ាង កែវ
3729,ហេង លំអង
3730,សួន តារា
3731,ខេម ធា
3732,មា លាង
3733,តាត ពិសី
3734,សៀង បទុម
3735,តាំង សូនីតា
3736,ប៉ុក ជា
3737,ឈិត ចិន្តា
3738,វង្ស ពិជ
3739,ទី ពិរុណ
3740,ឆន រិន
3741,ទាវ ស្បោង
3742,ពិជ ស្រីណាត
3743,ងិន សុគម
3744,មួយ ពៅ
3745,ឌិន វណ្ណា
3746,ម៉ៅ សិរី
3747,ដាញ់ ឧសភា
3748,ក្រម អន
3749,ដួង មណី
3750,ពេជ្រ ណាន
3751,ឯក សារ៉េត
3752,អ៊ូ វិទូ
3753,ខ្លូត ជា
3754,ហេង សូហ្វី
3755,ចេន ហាន់
3756,អ៊ុយ រដ្ឋា
3757,កឹម ម៉ាលី
3758,ប្រាក់ មណី
3759,ពេជ្រ សុម៉ាលី
3760,សោម គុន្ធារ
3761,ម៉ៅ ស៊ី
3762,សឿង វីរៈ
3763,គឹម សារឿន
3764,រស់ ហ៊ឹម
3765,ឃីម វុឌ្ឍី
3766,អៀវ សុគន្ធា
3767,ឆាយ ចន្ទ
3768,ឱ ថាត់
3769,ទេព ផាន
3770,កូយ រ៉ន
3771,សេន ធី
3772,ហុង ឡេង
3773,ប៉ែន ពិសី
3774,កែវ សាត
3775,ឈិន វណ្ណា
3776,ចន្ទ ហ៊ិន
3777,ហុក ស៊ី
3778,រស់ សាមៀន
3779,រស់ សុផល
3780,សិន សុវណ្ណា
3781,ហ៊ឹម វីរៈ
3782,ផាន វីរៈ
3783,ឆន ឈូក
3784,ស៊ន សូហ្វី
3785,សាន ក្រយ៉ា
3786,តាង គឹម
3787,រស់ ស្រី
3788,ពេជ្រ ណារ៉ុង
3789,សាយ រតនា
3790,ម៉ាក សិទ្ធិស័ក្តិ
3791,ខាយ សុម៉ាលី
3792,រស់ វុឌ្ឍី
3793,ឌួង សេង
3794,សែន សោភ័ណ
3795,ភួង សុគន្ធរី
3796,រ៉េត រដ្ឋា
3797,ដាញ់ ស៊ីណា
3798,សៅ ចន្ថា
3799,ជ័យ ខេម
3800,មួយ សាវឿន
3801,លី សំ
3802,ប៉ែន ស្រីនិច
3803,សឿង ឡេង
3804,តាត សែន
3805,សាន់ ពិសាល
3806,សាង វិទូ
3807,ចេន គឹម
3808,ស សុភ័ក្រ្ត
3809,អុង ស្បោង
3810,អ៊ុច សុជាតា
3811,អ៊ូ ធី
3812,មាស ខាន់
3813,ហ៊ុន សារិទ្ធ
3814,រ៉ន ភារៈ
3815,ហុក ស៊ីណា
3816,ឌិន ស្រីមុំ
3817,សាង ផ្កា
3818,ក្រម ហ្ស៊ូ
3819,ផាន ស៊ីណាត
3820,សុន ទុយ
3821,សម រស់
3822,លីវ សមសួន
3823,ឯក ចិន្តា
3824,ទិត្យ ចាន់ណា
3825,ហាក់ ចំប៉ី
3826,ខេម លាង
3827,សន សុខ
3828,សរ សុខ
3829,ស នី
3830,រស់ វណ្ណា
3831,សិន ពិសី
3832,ទី ដែវី
3833,អាង ដែវី
3834,មាស វុឌ្ឍី
3835,សុង សុខ
3836,ស សមាត្រ
3837,សម វុឌ្ឍី
3838,ណាត់ សាវ៉ាន់
3839,មាស ទូច
3840,ប៉ាង កុម្ភៈ
3841,សេង ក្រម
3842,ស៊ុន សុខា
3843,ជឹម សុភក្ត្រ
3844,ដាញ់ វីឈៀត
3845,កែវ សុខា
3846,ឆោម រតនា
3847,ឌួង ឱក
3848,ជិន ងិន
3849,ហុក ហេង
3850,អ៊ុយ គិត
3851,ខ្លូត បូណ៌មី
3852,ឱក សៀន
3853,អុង ភារៈ
3854,ជាម សុគម
3855,ពិជ សង
3856,សុន សាម៉ន
3857,ពេជ្រ ធាន
3858,សាង ម៉ាលី
3859,សឺន សារុន
3860,ឌុល រឿន
3861,ជិន ពិសិដ្ឋ
3862,សៅ ញាន
3863,ចុក ឫទ្ធិ
3864,សឿង ចន្ថា
3865,ធី ស្រីនារ
3866,សេន សារឿន
3867,ស៊ីន ស្រីនិច
3868,លិម សិទ្ធិស័ក្តិ
3869,ឆាយ ហាន់
3870,ទុំ ធារិទ្ធ
3871,ប៉ែន ហុក
3872,អ៊ូ កែវ
3873,គួច ធារី
3874,សន រង្សី
3875,សាត ស៊ី
3876,ស៊ុយ រ៉ាយ
3877,យុន រ៉ាយ
3878,អៀវ រតនា
3879,ឡាយ ឈួន
3880,លីវ សារិន
3881,ស៊ុន ម៉ូនីកា
3882,យូ សីហា
3883,ហ៊ុន ពៅ
3884,ទឹក បទុម
3885,ប៉ែន រូ
3886,ឱ មុនី
3887,ងួន ង៉ុយ
3888,សរ រ៉ន
3889,ចេន ភារៈ
3890,សិន ឆេង
3891,ស្បោង ធី
3892,ឆន វាសនា
3893,សង សោភា
3894,សុន សារិទ្ធ
3895,ហ៊ុន វឌ្ឍនា
3896,ពិជ លុយ
3897,សោម រ៉ាយ
3898,ហាក់ ប៊ុនហេង
3899,ទី ហាន់
3900,ស្រី សុផាត
3901,ប្រាក់ សីម៉ា
3902,តូច សាមៀន
3903,សាន ដានី
3904,ទាវ ទេព
3905,តាំង កែវ
3906,ចុក ក្រម
3907,វ៉េត បទុម
3908,យស់ បទុម
3909,សូ សិរី
3910,កាំង សោភ័ណ
3911,យស់ រស្មី
3912,ឃីម ទូច
3913,ងិន ឈួន
3914,សង ពិសិដ្ឋ
3915,កែប សារ៉េត
3916,អៀម សំណាង
3917,តាង ធាន
3918,ទ្រី ធី
3919,ឆន តុលា
3920,ជ័យ សុភា
3921,សិន ពៅ
3922,អៀវ ឫទ្ធិ
3923,ឆន សោភា
3924,ហ៊ឹម វុឌ្ឍី
3925,អ៊ុយ ធារិទ្ធ
3926,សោម ខាន់
3927,ចុក សុវណ្ណ
3928,មាស មុនី
3929,ហូ ស៊ីណា
3930,ខៀវ ពិរុណ
3931,ស ពីលីកា
3932,រ៉ន សោភា
3933,សាយ សោភា
3934,តូច បុប្ផា
3935,ស៊ូ សុបឺណ
3936,ឱក វាសនា
3937,ខាត់ រិន
3938,ជិន មាស
3939,ចាន់ សម្បត្តិ
3940,រស់ សិរី
3941,សាង បទុម
3942,ជាម សាវ៉េត
3943,ហួយ ចន្ថា
3944,ស្បោង មុនី
3945,សម ធារី
3946,សៅ ស៊ីន
3947,ណាត់ ឈូករតន៍
3948,សុខ ទូច
3949,អ៊ុំ ក្រយ៉ា
3950,ចាប សុភក្ត្រ
3951,ស្បោង ទុយ
3952,រ៉ន ម៉េង
3953,សន ពិសាល
3954,ថន សុខ
3955,ទេព សូនីតា
3956,ណាត់ សាវឿន
3957,ចេន ណាន
3958,លីម សីម៉ា
3959,កែវ កញ្ញា
3960,រ៉ន សូនីតា
3961,ពិជ ចំរើន
3962,សែន ម៉ៅ
3963,ខៀវ មាស
3964,ជ័យ ចន្ថា
3965,ជឹម ស៊ីវន
3966,ទូច សុគន្ធ
3967,ឈិត ហៀក
3968,ចេន សុខ
3969,សុង ណារី
3970,ទេព មណី
3971,សៅ ខាន់
3972,ខ្លូត ពៅ
3973,អុង ហ៊ឹម
3974,គ្រី សីហា
3975,សាន តារា
3976,ចាន់ សម្ផស្ស
3977,សូ ចន្ទនារី
3978,ហុង សារឿន
3979,សាន់ ផ្កា
3980,អៀម ជឿត
3981,សាន ណែន
3982,ឈិន សោភា
3983,ងិន កែវ
3984,គួច សុភក្ត្រ
3985,ស៊ន ណាត់
3986,សម ឫទ្ធិ
3987,ញឹក វណ្ណា
3988,សៀង សម្ផស្ស
3989,សោម អន
3990,លី សាន
3991,អៀម តុលា
3992,ឌិត សាវ៉ាន់
3993,សាត សោភា
3994,សោម សុខា
3995,តក់ ស្រីនារ
3996,មួយ ងួន
3997,ឈិត ផល្លា
3998,មា សុជាត
3999,កែវ សុគន្ធ
4000,សាន់ ស៊ីណា
4001,ឃីម រតនា
4002,ញឹក ព្រះ
4003,សូ រិន
4004,ស៊ុយ ចំណាន
4005,សម រិន
4006,ឆាយ រស់
4007,ទី ណាន
4008,ឃាង សាំភេះ
4009,មួយ ហៀក
4010,រស់ សារ៉េត
4011,ទ្រី តុលា
4012,មេង ជា
4013,ចាន់ សុខ
4014,ហូ រូ
4015,ដាញ់ កែវ
4016,ឈិត សមាត្រ
4017,ហុក សម្បត្តិ
4018,អិម សារ៉េត
4019,សែន គឹម
4020,ស៊ី សាន
4021,សេង សុភក្ត្រ
4022,ចាប ចន្ថា
4023,ឌុល រង្សី
4024,គ្រី និសា
4025,ស៊ុន រង្សី
4026,អាង សឺម៉ន
4027,ប៊ុន យ៉ាន
4028,ខេម ឫទ្ធិ
4029,ឌី ចាន់ណា
4030,ធី ចន្ទ
4031,ចន្ទ ស្រីនិច
4032,ហាក់ សុវណ្ណា
4033,រ៉េត ចំប៉ី
4034,ទឹក សុខា
4035,តាង រ៉ន
4036,ឆោម សីហា
4037,អៀម ផាល្លេះ
4038,រស់ កុសល
4039,ប៊ុន ហេង
4040,សាត ឆេង
4041,ង៉ុយ សុវណ្ណ
4042,គឹម ហ៊ិន
4043,ឱក ធារិទ្ធ
4044,សរ ឡេង
4045,ឡុង សុខា
4046,សែន រ៉ាយ
4047,ទូច សីហា
4048,គឹម ស្រីមុំ
4049,ទេព សុខា
4050,អិម ភួង
4051,គួច ឈូក
4052,អិម ណាន
4053,វ៉ាង សុផល
4054,ហ៊ុន ម៉ូនីកា
4055,លន់ ធាន
4056,ដាញ់ ប៊ុន
4057,ផាន អន
4058,ឃីម បញ្ញា
4059,ឌិត សាវឿន
4060,កែប ព្រះ
4061,តូច សុភា
4062,ហុក សាំភេះ
4063,លីម ពិរុណ
4064,សរ សុទ្ធា
4065,សម ហ្ស៊ូ
4066,ឌិត អ៊ូ
4067,ឱក ហាន់
4068,ស៊ូ ធី
4069,សរ ទឹក
4070,ខ្លូត សារឿន
4071,ឆាយ ឫទ្ធិ
4072,កូយ សាវឿន
4073,ឱក ឡេង
4074,សិន សូហ្វី
4075,សន សុវណ្ណា
4076,ចាប វឌ្ឍនា
4077,ដាញ់ ម៉ាលីស
4078,ឆន ចន្ទ
4079,ឱក ណាត់
4080,ឱ ចំរើន
4081,ឈិត ឡេង
4082,ក្រម ពៅ
4083,ចាន់ គឹម
4084,មួយ សំណាង
4085,នី សុភក្ត្រ
4086,ប៉ែន ចំណាន
4087,កូយ ធារិទ្ធ
4088,ឆន សុខា
4089,ស ឈៀង
4090,ទ្រី ស្រីនិច
4091,វង្ស ណារី
4092,អុង ប៊ុនថៃ
4093,តក់ រិន
4094,ហ៊ិន ស្រីនាង
4095,ធី ហុក
4096,សាត សុធី
4097,សិន សិរី
4098,ម៉ាក សុគន្ធ
4099,អិម ធារិទ្ធ
4100,ឡុង សុធី
4101,សម សុគម
4102,តូច សៀន
4103,ស សុផល
4104,អិម សំណាង
4105,អ៊ូ ចំប៉ី
4106,ចេង ស្រីនាង
4107,យស់ លុយ
4108,ភី សារឿន
4109,សៅ វិទូ
4110,រួយ ចំរើន
4111,ចេង សម្ផស្ស
4112,ឡុង អម្ពរ
4113,តាំង ស្រីនិច
4114,រ៉េត រ៉ាយ
4115,សង គឹម
4116,ឱក វិបុល
4117,ទី សិរី
4118,ឌុល សុខ
4119,រ៉ន រតនា
4120,ទុំ សាវ៉ាន់
4121,ប្រាក់ សារិទ្ធ
4122,ថន ហៀក
4123,ប៉ាង សោភា
4124,គឹម ទូច
4125,ង៉ុយ សារុន
4126,កែវ សាកងៀ
4127,ទាវ សោភា
4128,មា រ៉ន
4129,សេង ចាន់ណា
4130,ចន្ទ ផាល្លេះ
4131,អុង ផ្កា
4132,វង្ស កែវ
4133,ផាន ធារី
4134,ជិន ស៊ីណា
4135,ប្រាក់ សុភា
4136,អិម សាំភេះ
4137,ឌី ហ៊ឹម
4138,ម៉ៅ និសា
4139,ឈិន ធា
4140,ឃិន ចំប៉ី
4141,ឈិត បទុម
4142,ខាយ សូនីតា
4143,ហុង ហ៊ឹម
4144,ឈឹម ជ័យ
4145,កែប ក្រយ៉ា
4146,សង សមាត្រ
4147,សោម សាម៉ន
4148,កែវ សុវណ្ណា
4149,សម ពិសាល
4150,ហេង ចំរើន
4151,ហុក ថាត់
4152,សាន កែវ
4153,ឱម គឹម
4154,ឌិត សុធី
4155,នី រ៉ាយ
4156,សរ និសា
4157,ញឹក វិទូ
4158,សាត សារិទ្ធ
4159,ហុក សារិទ្ធ
4160,កែប ផាល្លេះ
4161,ហួយ នី
4162,អាង សាន
4163,ឈិត សំណាង
4164,ឌិន ផាល្លេះ
4165,នី សំ
4166,គួច និសា
4167,ក្រម ខាន់
4168,ហ៊ឹម ឈិត
4169,សៅ លក្ស្មី
4170,ទី វណ្ណា
4171,សេន ស្បោង
4172,សន សារឿន
4173,ពិជ សាវ៉ាន់
4174,សែន សំណាង
4175,ទុំ ទុយ
4176,តក់ អម្ពរ
4177,មួយ ជឿត
4178,ជឹម សុភា
4179,មួយ សុផាត
4180,ស៊ន ណាន
4181,ឡាយ ទឹក
4182,យស់ វីឈៀត
4183,ទុំ សុបឺណ
4184,លន់ សាត
4185,ដាញ់ ឡេង
4186,សាយ ហេង
4187,សៀង មណី
4188,លីវ ផា
4189,អ៊ុច ជា
4190,ងិន សុភក្ត្រ
4191,អ៊ុយ ស៊ីណា
4192,សរ សុភា
4193,ឌួង ជ័យ
4194,សង សុភា
4195,អិម សាម៉ន
4196,មូល តុលា
4197,ស៊ុយ សារិន
4198,វ៉ាង ធី
4199,ស៊ន សិរី
4200,ធី សារឿន
4201,សរ គឹម
4202,ប្រាក់ ធា
4203,ឆោម សំណាង
4204,ទឹក វិជ្ជរ៉ា
4205,ឡុង សុខា
4206,ឌួង អន
4207,ឃិន សមសួន
4208,សៀង ណាត់
4209,សួន វណ្ណា
4210,ង៉ុយ ភារៈ
4211,ម៉ៅ តារា
4212,ឃីម កែវ
4213,ឱក ម៉ាលីន
4214,តក់ សាវ៉ាន់
4215,សាន់ កែវ
4216,សរ ម៉ាឡាន
4217,លី សុកមាញ
4218,ខេម ទិព្វសព្ទ
4219,វង្ស វាសនា
4220,មូល សុគន្ធ
4221,រ៉េត យ៉េន
4222,ជី គឹម
4223,កែវ ម៉ាលី
4224,ទឹក ម៉ាលីស
4225,ស្បោង សុវណ្ណា
4226,សឺន កុម្ភៈ
4227,សម ហុក
4228,ឌុល ខេម
4229,ហ៊ុន ចំរើន
4230,ស សុគន្ធកញ្ញា
4231,វ៉េត ហ៊ិន
4232,ហ៊ិន លាង
4233,ជាម រដ្ឋា
4234,លិម មុនី
4235,ឌិត ស្រីនួន
4236,ហួយ ម៉េង
4237,ស្រី រតនា
4238,កែវ ហ៊ិន
4239,ទេព សុមេធា
4240,ខាយ ភារៈ
4241,ម៉ៅ យ៉ាន
4242,ឆាយ ផាល្លេះ
4243,ឡាយ សុភ័ក្រ្ត
4244,ងួន វណ្ណា
4245,ឯក សាវឿន
4246,រស់ សុវណ្ណា
4247,សោម ស៊ីណា
4248,សៅ រិន
4249,ខាយ ធា
4250,កឹម សាវ៉េត
4251,ឯក រ៉េត
4252,ងិន សោភា
4253,ប៉ែន ម៉ាលីន
4254,ឈិន សុទ្ធា
4255,សៀង សុខា
4256,ដួង រិន
4257,ឱម ម៉ៅ
4258,ស្រី ហេង
4259,ហ៊ិន ដានី
4260,ខ្លូត បុប្ផា
4261,ឌិន ប៉ែន
4262,ទេព សារឿន
4263,សៅ បញ្ញា
4264,ប្រាក់ សិទ្ធិស័ក្តិ
4265,ទឹក តុលា
4266,ងិន លី
4267,ទេព រតនា
4268,ឌិត ចិន្ដា
4269,សុន សែន
4270,ប៉ុក ភួង
4271,រ៉េត គឹម
4272,ឈិត ពិសាល
4273,សាន់ មណី
4274,ជ័យ ទូច
4275,សម ទុយ
4276,អ៊ូ វីឈៀត
4277,ម៉ៅ ម៉ាលី
4278,សរ ស្រីមុំ
4279,ហួយ ងិន
4280,ទ្រី សុធី
4281,សាន ដារា
4282,កែវ សិទ្ធិស័ក្តិ
4283,អាង ឡេង
4284,អាង សុជាតា
4285,នី ទូច
4286,ប៉ែន រដ្ឋា
4287,សរ តារា
4288,ជិន លាភ
4289,យុន ចន្ទ
4290,ខេម សំ
4291,ជា ចំណាន
4292,ប្រាក់ វីរៈ
4293,ហ៊ុន សម្បត្តិ
4294,ទឹក ចន្ថា
4295,ថន ហ៊ិន
4296,ដាញ់ កុម្ភៈ
4297,ឃាង ផាល្លេះ
4298,ឈិត សុគម
4299,សាន់ វណ្ណារី
4300,សន ដារា
4301,ស ឧសភា
4302,ទូច ធារី
4303,កឹម ង៉ុយ
4304,មេង ស៊ីន
4305,សុន សោភា
4306,ចាប សារឿន
4307,សុន រ៉ាយ
4308,ឱក និមល
4309,ជី សម្រិត
4310,ជិន ឈិត
4311,ឱក ស្រីនាថ
4312,ង៉ុយ ប៊ុនថៃ
4313,សិន ធា
4314,អ៊ុច ប៊ុន
4315,សរ កែវមនី
4316,ឃីម ស៊ីណា
4317,សាង ពាង់
4318,សាន់ សមសួន
4319,ស៊ុន ពីលីកា
4320,អាង បូណ៌មី
4321,កែប ឡេង
4322,យុន លុយ
4323,ទឹក ស្រីពេជ្រ
4324,លីវ ចាន់ណា
4325,សង រតនា
4326,ញឹក ចំប៉ី
4327,មូល សុភា
4328,សេង ស្រី
4329,ម៉ៅ អន
4330,ទាវ មណី
4331,មាស ទេព
4332,សុន គឹម
4333,ហុក ច័ន្ទដារិទ្ធ
4334,សែន ហាន់
4335,ឱម ទេព
4336,ហ៊ិន ជ័យ
4337,ចេង ជា
4338,វង្ស វិទូ
4339,សុង ផាន
4340,ឈិត ទេព
4341,លីម និមល
4342,ឡុង ឡេង
4343,ឃាង បុប្ផា
4344,ធី សារុន
4345,សូ អន
4346,ស៊ី ម៉ាលីន
4347,ស សាត
4348,ហ៊ឹម លី
4349,សុខ វណ្ណា
4350,ស៊ី សាវ៉ាន់
4351,ងួន ពៅ
4352,អៀវ សមាត្រ
4353,ឌី វឌ្ឍនា
4354,សេង ចំណាន
4355,ស៊ី ភួង
4356,លិម និមល
4357,សៅ ទូច
4358,សុន ណារី
4359,តក់ គិត
4360,ឆាយ សំ
4361,ប៉ែន គុន្ធា
4362,ធី លី
4363,ស រូ
4364,គួច សារិទ្ធ
4365,ប៉ុក ណារិទ្ធ
4366,ឌុល ស្រីនាង
4367,ដួង ប៊ុន
4368,ឯក ហេង
4369,លីម សមសួន
4370,សរ ហ៊ិន
4371,ប៉ុក ទឹក
4372,ឌុល សំ
4373,ហ៊ិន ទេព
4374,សៅ វិបុល
4375,សាន រដ្ឋា
4376,ឆាយ ស្រីនួន
4377,ហុក សុផល
4378,ឌិត សុខ
4379,ជាម ជា
4380,រ៉ន ណែន
4381,កែប សែន
4382,ជិន ពីលីកា
4383,ភួង ហៀក
4384,ស្បោង គុន្ធារ
4385,ចាប ចិន្តា
4386,តាង ពីលីកា
4387,ម៉ៅ លាង
4388,សឿង ស៊ីន
4389,ពេជ្រ និស្ស័យ
4390,ភី ឈូក
4391,គួច ម៉ម
4392,យូ ប៊ុន
4393,ណាត់ នី
4394,ថៃ ខេមរៈ
4395,ស៊ន យ៉េន
4396,រួយ ប៊ុនថៃ
4397,ក្រម គឹម
4398,អ៊ុច ពៅ
4399,ខាត់ ពិសាល
4400,ទូច សារិទ្ធ
4401,លន់ សំ
4402,សុង ផ្កា
4403,រួយ សុវណ្ណា
4404,កាំង ពៅ
4405,ស៊ន ម៉ាលី
4406,គឹម ចន្ថា
4407,សៅ សារ៉េត
4408,សឺន ថាត់
4409,សិន ហាន់
4410,ភួង សូហ្វី
4411,សេង រតនា
4412,ឈិត និមល
4413,ខាត់ អ៊ូ
4414,ទី សុផាត
4415,ធី សូនីតា
4416,សង អន
4417,ចាប សម្បត្តិ
4418,ទិត្យ វាសនា
4419,វង្ស សីម៉ា
4420,សរ ណារ៉ុង
4421,សោម ស៊ីន
4422,ស្បោង ម៉េង
4423,យូ សុភា
4424,ឱម នួន
4425,នី ពិសិដ្ឋ
4426,ខេម ឧសភា
4427,ញឹក ក្រយ៉ា
4428,ងួន សំណាង
4429,សរ ណារ៉ុង
4430,ធី សុកមាញ
4431,សេង សុទ្ធា
4432,ធី ណាង
4433,អុង សុភក្ត្រ
4434,ខ្លូត សុខា
4435,ឆន សាវ៉ាន់
4436,វ៉េត សិរី
4437,តាត សុខ
4438,អាង កែវ
4439,ឌិត សារឿន
4440,ចុក ឈៀង
4441,តក់ ទូច
4442,ឈិត ទុយ
4443,ប៉ែន សិរី
4444,សុខ ឧសភា
4445,ឡាយ កញ្ញា
4446,សាន់ ទឹក
4447,ទេព និមល
4448,សែន សេង
4449,ខេម ឡេង
4450,ឃាង ចន្ថា
4451,ជ័យ និមល
4452,លី ម៉ាឡាន
4453,ឈិត វីឈៀត
4454,ជិន ស៊ីណា
4455,គួច ពិសី
4456,សង កែវ
4457,ឡុង ណាត់
4458,សិន សឺម៉ន
4459,មូល ហ៊ឹម
4460,ទ្រី វាសនា
4461,ចន្ទ ជា
4462,ម៉ៅ សោភា
4463,ស៊ុន កញ្ញា
4464,ពិជ សាវឿន
4465,សុង ខាន់
4466,ឱក ខាន់
4467,សរ ចិន្តា
4468,ងួន ណាង
4469,រួយ ពិសាល
4470,ខ្លូត ចន្ទនារី
4471,ជិន ឯក
4472,ជឹម ច័ន្ទដារិទ្ធ
4473,យូ ស៊ី
4474,សឺន សម្បត្តិ
4475,ស្រី ពិសី
4476,ហាក់ ហ៊ិន
4477,ហ៊ុន ណែន
4478,ប៉ុក ធាន
4479,កែវ ចន្ថា
4480,ស៊ុយ វណ្ណា
4481,ជាម សេង
4482,សរ ហុក
4483,សាត វណ្ណា
4484,មូល ទឹក
4485,សុខ សុខា
4486,ឱក ម៉ូនីកា
4487,លីវ សុជាត
4488,សរ រ៉ន
4489,ឡុង សាវឿន
4490,កែវ ពិរុណ
4491,ទុំ រឿន
4492,ដាញ់ សុគម
4493,សន គឹមលា
4494,ឆន លាង
4495,ឌួង ម៉ាឡាន
4496,ចុក ម៉ាលីន
4497,ចុក ពីលីកា
4498,សរ ក្រយ៉ា
4499,ភួង ស្រី
4500,មូល ណាត់
4501,តាង រ៉ាយ
4502,ឌួង ចិន្ដា
4503,សាន សុខ
4504,សេន ចិន្តា
4505,ញឹក ងិន
4506,សង យ៉ាន
4507,មាន សុគន្ធ
4508,នី វិទូ
4509,ង៉ុយ ចាន់ណា
4510,អៀវ សុជាតា
4511,ស សារឿន
4512,ចេន ចន្ថា
4513,សន ធី
4514,នី សុជាតា
4515,សរ ជឿត
4516,សិន ឈូក
4517,ចេន ផា
4518,សោម វិជ្ជរ៉ា
4519,សរ កុសល
4520,មួយ ពីលីកា
4521,ងិន រស់
4522,សាង កែវមនី
4523,ឆាយ និស្ស័យ
4524,តូច សិទ្ធិស័ក្តិ
4525,សម សារឿន
4526,ម៉ៅ ជា
4527,ស៊ីន ភារៈ
4528,នី ស៊ីន
4529,មេង សារិទ្ធ
4530,ប៉ែន ងិន
4531,លិម វណ្ណា
4532,អ៊ុច ណែន
4533,សាត កុម្ភៈ
4534,លន់ ស្រីនួន
4535,ភី រដ្ឋា
4536,ភួង ហាន់
4537,ធី សម្ផស្ស
4538,សង ស៊ីវន
4539,គួច មាស
4540,សង ទូច
4541,លីវ ពិជ័យ
4542,ហូ យ៉ាន
4543,មា រូ
4544,ខេម ពិសិដ្ឋ
4545,មួយ សុខ
4546,សុន ស្រី
4547,ប៉ែន ឆេង
4548,សឿង សូរិយា
4549,ស សាវ៉ាន់
4550,ចេង លក្ស្មី
4551,សាត ឯក
4552,ហុង សូនីតា
4553,តក់ គឹម
4554,ស វាសនា
4555,ទី សុគន្ធកញ្ញា
4556,សេង សាំភេះ
4557,ចន្ទ សោភ័ណ
4558,សរ សុជាត
4559,សរ ចន្ទនារី
4560,ខាយ ញាន
4561,សៅ សម្បត្តិ
4562,អ៊ុំ ម៉ាលី
4563,ស៊ូ សុភក្ត្រ
4564,ហុក សុគន្ធា
4565,ប៉ែន ម៉ៅ
4566,សាង សុកមាញ
4567,សឿង សុវណ្ណ
4568,សាន់ ភួង
4569,យូ រស្មី
4570,សៅ សុជាតា
4571,ហូ បទុម
4572,ឆាយ ហ៊ិន
4573,គ្រី សារឿន
4574,សរ សីម៉ា
4575,ស៊ន សុខា
4576,លីវ សុផាត
4577,រស់ សាន
4578,មាន ឡេង
4579,សង សុភក្ត្រ
4580,អៀម វណ្ណារី
4581,ស៊ុន សំ
4582,លន់ សំណាង
4583,តាំង ចិន្តា
4584,រ៉េត លាង
4585,ជី សែកា
4586,សួន សុភក្ត្រ
4587,សោម ស្រីនាថ
4588,តក់ សារុន
4589,សោម លីនដា
4590,មា ទឹក
4591,ប៉ែន រតនា
4592,ជាម ទិព្វសព្ទ
4593,ប៉ុក សារិទ្ធ
4594,មាន ក្រម
4595,ងិន ចន្ថា
4596,សឺន សារិន
4597,ខេម លុយ
4598,ឱក សាវឿន
4599,មា លក្ស្មី
4600,សៅ រង្សី
4601,ឆោម វីរៈ
4602,សឺន គឹម
4603,ណាត់ សុខ
4604,សម ភាក្គ្លី
4605,ឡាយ ខេម
4606,អាង បុប្ផា
4607,ជាម ភារៈ
4608,ជឹម ទូច
4609,ថន សាម៉ន
4610,សេង ធារិទ្ធ
4611,សោម ផា
4612,សរ យ៉ាន
4613,ប្រាក់ ម៉ាឡាន
4614,តាំង សុខ
4615,សរ ចាន់ណា
4616,សៀង វាសនា
4617,ចាប ឈូករតន៍
4618,ពេជ្រ សារឿន
4619,ជី ទូច
4620,ស៊ី ស៊ី
4621,សង សិរី
4622,ស ថាត់
4623,សាន រស្មី
4624,សាង សារិន
4625,ចុក សុខ
4626,ហួយ ស៊ីណា
4627,ឃិន ចន្ថា
4628,ហាក់ តារា
4629,ជិន នី
4630,សាង ផាល្លេះ
4631,លន់ ភួង
4632,ប៉ាង លាភ
4633,ធី រតនា
4634,ទ្រី សារឿន
4635,ឌុល វឌ្ឍនា
4636,ក្រម ប៊ុន
4637,គួច ស៊ីណាត
4638,ទី សាវ៉ាន់
4639,ហាក់ ផល្លា
4640,ឱក ណារ៉ុង
4641,ទ្រី ពិជ័យ
4642,ថៃ សុផាត
4643,យស់ សាវឿន
4644,ស៊ីន ម៉ូនីកា
4645,អុង សារឿន
4646,ពេជ្រ ច័ន្ទដារិទ្ធ
4647,សឿង លី
4648,ឱក សាវ៉ាន់
4649,ប្រាក់ ស៊ីន
4650,សាត ម៉ាលីន
4651,សៅ វាសនា
4652,ឈិន វឌ្ឍនា
4653,សេង សុខ
4654,លី សុវណ្ណា
4655,ហ៊ុន កែវមនី
4656,សឿង សុគន្ធកញ្ញា
4657,សែន ក្រម
4658,សាត សារឿន
4659,សន ស្រីនិច
4660,អុង សីហា
4661,កែប ផល្លា
4662,ស៊ន គឹម
4663,សរ កែវ
4664,ថៃ ទូច
4665,ឈឹម សុខ
4666,ប៉ែន សុផាត
4667,ស៊ូ រិន
4668,រួយ សុភា
4669,ជី សាន
4670,ហួយ សារឿន
4671,ជី សុខា
4672,សន ស៊ីវន
4673,ឌិន ម៉ៅ
4674,ប៉ែន ពីលីកា
4675,ស៊ុយ ឯក
4676,តាង វាសនា
4677,សង សម្ផស្ស
4678,ចេង ចំណាន
4679,យស់ យ៉េន
4680,លន់ សុភា
4681,ឈិត សម្បត្តិ
4682,ឈិត លុយ
4683,លី សំណាង
4684,វ៉ាង កែវ
4685,សុន ខេមរៈ
4686,ណាត់ ធី
4687,ស្បោង សាវឿន
4688,សៀង កែវមនី
4689,សៀង សុម៉ាលី
4690,ង៉ុយ យ៉ាន
4691,សូ ផាល្លេះ
4692,ចេន សោភា
4693,លី សុជាតា
4694,វ៉េត សោភ័ណ
4695,ឱ ទឹក
4696,រស់ ចាន់ណា
4697,វ៉ាង សោភា
4698,សុង បទុម
4699,សឺន សាន
4700,ស៊ុន សាំភេះ
4701,ឆន ផល្លា
4702,ស៊ូ ខាន់
4703,ខ្លូត យ៉ាន
4704,មួយ សារ៉េត
4705,ឆន ជា
4706,អិម ចន្ថា
4707,លីវ ឈូក
4708,ហុង យ៉ាន
4709,ខ្លូត មុនី
4710,ហ៊ឹម សូនីតា
4711,ឌី ផាល្លេះ
4712,សេង សោភ័ណ
4713,ហ៊ឹម សម្ផស្ស
4714,ហួយ គុន្ធា
4715,សែន ឈួន
4716,ឃិន ស៊ីណាត
4717,ប៉ែន ធាន
4718,រស់ ឡុង
4719,ស្បោង ឫទ្ធិ
4720,សិន គុន្ធា
4721,លិម ជ័យ
4722,ឆន រ៉ន
4723,ឆន ផ្កា
4724,ឡាយ ស្រី
4725,ទូច ឈូក
4726,យុន សីហា
4727,យស់ សាន
4728,ហុង ចាន់ណា
4729,ឱ សោភា
4730,រស់ សូរិយា
4731,ជា សារិទ្ធ
4732,មាន ពៅ
4733,ឃីម សារ៉េត
4734,ភួង សុផល
4735,រស់ ង៉ុយ
4736,ម៉ៅ អ៊ូ
4737,ណាត់ សារុន
4738,ជី ស៊ីវន
4739,ជិន សំ
4740,ប៉ែន ឯក
4741,រស់ រស់
4742,ទ្រី សោភ័ណ
4743,ស៊ន អន
4744,ថន កែវ
4745,រស់ ថាត់
4746,សាត សុទ្ធា
4747,លន់ រតនា
4748,លិម ពៅ
4749,កឹម ស៊ីន
4750,សូ សម្បត្តិ
4751,សុង សុខា
4752,ស៊ូ ខេមរៈ
4753,លីវ រដ្ឋា
4754,ហ៊ិន ផា
4755,ភី គឹម
4756,កូយ សុជាត
4757,ជឹម រស្មី
4758,ឈិត ហេង
4759,ឯក ណារី
4760,សម សង
4761,ឱ សុខា
4762,ឌិត រ៉ន
4763,ទិត្យ ដារា
4764,ប៊ុន ផល្លា
4765,រ៉ន ហ៊ិន
4766,កឹម ណែន
4767,ឈិត លំអង
4768,ហ៊ឹម ណាង
4769,យស់ ហ៊ិន
4770,គ្រី ហ៊ិន
4771,ទ្រី មាស
4772,ចេន លាង
4773,កាំង ភួង
4774,មួយ ពិសិដ្ឋ
4775,ឆាយ ពិសី
4776,ចាន់ សុជាតា
4777,លីវ ចន្ថា
4778,ប៉ែន ធី
4779,កូយ ម៉ាលី
4780,ហាក់ សុផាត
4781,ឡុង សំ
4782,ផាន ម៉ាលី
4783,ឌួង ហាន់
4784,សុន ស៊ី
4785,អ៊ុច ធាន
4786,ប៉ែន សោភ័ណ
4787,ង៉ុយ ផា
4788,សុង ស្រីណាត
4789,យូ ឈួន
4790,តូច ចន្ថា
4791,ចុក ធាន
4792,ប៊ុន សុជាត
4793,ង៉ុយ សុផាត
4794,រួយ សុជាត
4795,សន ទឹក
4796,ម៉ៅ ទូច
4797,ម៉ាក សាវ៉ាន់
4798,អិម សុភា
4799,លីវ សុខា
4800,សាន់ ប៉ែន
4801,កាំង ចំរើន
4802,គួច ញាន
4803,ដាញ់ លីនដា
4804,ឱ រស្មី
4805,ដួង ហេង
4806,ឱក ឱក
4807,ស៊ីន ចន្ថា
4808,ទាវ សុខ
4809,ជី កែវ
4810,ម៉ៅ ពិសិដ្ឋ
4811,យស់ បទុម
4812,សន ក្រយ៉ា
4813,វ៉េត ណារី
4814,ហ៊ឹម គឹម
4815,ឆន ចិន្តា
4816,សុង បុប្ផា
4817,សុខ ប៊ុន
4818,ចន្ទ សុវណ្ណា
4819,ចេន សុផល
4820,ហួយ សូនីតា
4821,ខាយ រ៉េត
4822,ប៊ុន សូនីតា
4823,ហេង កែវមនី
4824,ឱក ធី
4825,ឆន វណ្ណា
4826,សម នួន
4827,អៀម សារឿន
4828,សួន ធារិទ្ធ
4829,ពេជ្រ សាត
4830,តាំង សមាត្រ
4831,អ៊ុច ថាត់
4832,ភី ហ៊ិន
4833,អាង ស្រីនាថ
4834,តាំង ពិជ
4835,ងិន ចន្ថា
4836,សន រូ
4837,អិម ជ័យ
4838,រួយ រតនា
4839,សន ណារិទ្ធ
4840,ចុក សោភ័ណ
4841,ប៉ុក រតនា
4842,ទុំ ភាក្គ្លី
4843,អិម ម៉ូនីកា
4844,អៀវ ណែន
4845,ឱ អន
4846,យុន សាវ៉េត
4847,សុន សេង
4848,អៀម សុគម
4849,លិម សុខ
4850,យស់ ព្រះ
4851,ចេន សុគន្ធ
4852,គ្រី លំអង
4853,ប៉ុក ឯក
4854,ឱក សូនីតា
4855,ឱក ទេព
4856,ប៉ាង ចាន់ធី
4857,ទិត្យ ណារ៉ុង
4858,ឌិន រ៉ាយ
4859,ថៃ គឹម
4860,ឌិត យ៉ាន
4861,ចុក ស៊ីណា
4862,សៅ គឹម
4863,ហួយ ប៊ុនថៃ
4864,ប្រាក់ ស៊ីណា
4865,ហ៊ឹម លី
4866,រស់ សម្ផស្ស
4867,កឹម សាវ៉ាន់
4868,ចាប សមសួន
4869,សោម ចិន្តា
4870,ឌិន ញាន
4871,សរ ណារី
4872,អៀវ សោភ័ណ
4873,ឌី គុន្ធា
4874,ឃិន ក្រម
4875,ខ្លូត ឡេង
4876,ទី រតនា
4877,ឆន រ៉ាយ
4878,ង៉ុយ ជា
4879,ស ចន្ទ
4880,ប៊ុន សុផាត
4881,ឈឹម នី
4882,ទ្រី ធាន
4883,ឈិត ពិជ័យ
4884,សន សារិទ្ធ
4885,លិម សាត
4886,ស សាកងៀ
4887,អ៊ូ សុខា
4888,ស៊ុន វណ្ណា
4889,អិម មុនី
4890,អិម រតនា
4891,អៀម ណាត់
4892,សម បទុម
4893,ហ៊ិន ចន្ទ
4894,ទាវ វណ្ណា
4895,អ៊ូ គិត
4896,មួយ ឫទ្ធិ
4897,សូ សាវឿន
4898,ប៊ុន សម្ផស្ស
4899,ហេង ចិន្ដា
4900,សែន សុខ
4901,រ៉ន ចាន់ណា
4902,សន វុឌ្ឍី
4903,យុន សមាត្រ
4904,ហាក់ សោភ័ណ
4905,ចេន សាវ៉េត
4906,គួច ស្រី
4907,ស្បោង សុខ
4908,ឱក សាកងៀ
4909,ខ្លូត ភារៈ
4910,ងិន សារឿន
4911,ងួន សុភា
4912,ទូច វិបុល
4913,អ៊ូ និសា
4914,យូ ខាន់
4915,សឿង លីនដា
4916,អុង សំណាង
4917,ទេព ធី
4918,អិម ប៊ុនថៃ
4919,រ៉េត ក្រយ៉ា
4920,តក់ មាស
4921,សាយ អម្ពរ
4922,អ៊ូ ពិសិដ្ឋ
4923,ស៊ុយ ចាន់ធី
4924,អ៊ុច ប៊ុនហេង
4925,ភួង ឈួន
4926,ឃាង សំ
4927,អ៊ុយ រឿន
4928,ឆោម រឿន
4929,ទ្រី ស្រី
4930,ទុំ ម៉ូនីកា
4931,ខាយ សុខា
4932,មេង សាមៀន
4933,លីម ហ៊ិន
4934,មា សូនីតា
4935,ឌុល ទឹក
4936,ជិន ម៉ាឡាន
4937,ណាត់ ម៉ម
4938,ថៃ គុន្ធា
4939,រ៉េត សាវ៉េត
4940,ប៊ុន វណ្ណារី
4941,មេង វិទូ
4942,ឈិត សុភាព
4943,សាន់ រស់
4944,រ៉េត សាន
4945,រ៉េត ទឹក
4946,សោម ផល្លា
4947,ជី រតនា
4948,ចាន់ លីនដា
4949,រ៉េត ហ៊ិន
4950,តូច ស៊ីណាត
4951,ស៊ី ផា
4952,ស៊ីន បូណ៌មី
4953,ហូ សមសួន
4954,សុន ចន្ទនារី
4955,ជិន សុខា
4956,វ៉េត រឿន
4957,ថៃ អន
4958,សុង ធាន
4959,វ៉េត ឈួន
4960,អៀម ហេង
4961,គួច ពិរុណ
4962,ទ្រី ម៉ៅ
4963,ហាក់ អ៊ូ
4964,ដាញ់ ពៅ
4965,ស៊ុន ធាន
4966,សាត ពីលីកា
4967,ទឹក សារឿន
4968,ដាញ់ សាំភេះ
4969,ញឹក វណ្ណា
4970,សោម គឹមលា
4971,ជី ស្រីមុំ
4972,យស់ សាត
4973,ឱ សម្ផស្ស
4974,មាស ម៉ៅ
4975,សរ ពិរុណ
4976,ជាម វណ្ណារី
4977,កែវ វណ្ណា
4978,ខេម សោភ័ណ
4979,ក្រម ចិន្តា
4980,យស់ គឹម
4981,ឌិន ផល្លា
4982,ចន្ទ សុផល
4983,ភី សីហា
4984,ងិន ដែវី
4985,អ៊ុច យ៉ាន
4986,ដាញ់ ស៊ីណា
4987,ឆោម លក្ស្មី
4988,អៀម សុខ
4989,ទាវ ភួង
4990,សាត សាំភេះ
4991,មាន រ៉ន
4992,ប៊ុន សម្រិត
4993,ស្បោង សេង
4994,ប៊ុន សុខ
4995,សុខ ពិសិដ្ឋ
4996,ឌី ហ៊ិន
4997,ឃិន វាសនា
4998,កឹម ជឿត
4999,ទុំ ស៊ីវន
5000,សូ សោភ័ណ
5001,សុខ ថាត់
5002,យស់ សាវ៉ាន់
5003,កែវ ជា
5004,សរ សាំភេះ
5005,សាន សៀន
5006,ម៉ៅ មាស
5007,ជី ពិរុណ
5008,មាន សាន
5009,មេង រដ្ឋា
5010,ឃាង ភារៈ
5011,ទ្រី ហាន់
5012,ខេម សូនីតា
5013,ខ្លូត សារិទ្ធ
5014,ជី សែន
5015,សរ សូរិយា
5016,ស៊ុន ស្រីនិច
5017,ឱក ច័ន្ទដារិទ្ធ
5018,ចុក ណារ៉ុង
5019,តាត វណ្ណា
5020,ឱ ហេង
5021,សម អ៊ូ
5022,គួច សេង
5023,សង សារិទ្ធ
5024,សួន ងិន
5025,ចុក ចិន្តា
5026,សម សុខ
5027,សៀង សម្បត្តិ
5028,កាំង សុខា
5029,អ៊ុច សោភា
5030,ញឹក ភួង
5031,គឹម ឆោម
5032,ទូច សាវ៉េត
5033,អិម ស្រីនាង
5034,គ្រី ចំរើន
5035,យូ ឧសភា
5036,ហាក់ ក្រយ៉ា
5037,ឱ ហ៊ឹម
5038,សែន រដ្ឋា
5039,យស់ សុគន្ធកញ្ញា
5040,ហ៊ឹម រឿន
5041,ស៊ុយ ទឹក
5042,ទី ប៉ែន
5043,ឡុង ពិសិដ្ឋ
5044,សុន សុភក្ត្រ
5045,ស៊ីន លំអង
5046,ឆន ប៉ែន
5047,ឌុល សិរី
5048,ឌី សាមៀន
5049,អុង យ៉ាន
5050,ឌី ប៊ុន
5051,អុង សុគន្ធរី
5052,យូ ម៉ៅ
5053,ប៉ែន ព្រះ
5054,ខ្លូត រ៉ន
5055,គឹម សម្រិត
5056,អៀម រៅំឌើល
5057,រស់ ម៉ម
5058,ទូច ខេមរៈ
5059,ឈិត ចាន់ធី
5060,ខាត់ ស្រីនាថ
5061,ឌិត សាន
5062,ចេង ផាល្លេះ
5063,ឃាង ភួង
5064,ពិជ រឿន
5065,លីវ កុសល
5066,ស្បោង ម៉ៅ
5067,ចុក ណាង
5068,ពេជ្រ ចន្ទនារី
5069,គ្រី យ៉េន
5070,តក់ សាវឿន
5071,អ៊ុច សាវ៉ាន់
5072,ជី សារឿន
5073,ដួង ទូច
5074,សោម លីហ្សា
5075,ទេព ចន្ទនារី
5076,សន រតនា
5077,ឡាយ នី
5078,កឹម ណារ៉ុង
5079,ចេន រដ្ឋា
5080,កែប ទូច
5081,តាត ច័ន្ទដារិទ្ធ
5082,ឌិត ម៉ៅ
5083,សោម ស្រីនារ
5084,កឹម លាង
5085,ផាន សោភ័ណ
5086,សៀង ដានី
5087,គួច សុភា
5088,ចេង វាសនា
5089,ចេន ណាង
5090,វ៉ាង កែវមនី
5091,សាត ស្រីណាត
5092,ប្រាក់ ម៉ូនីកា
5093,ស៊ុន គឹមលា
5094,សិន សុគន្ធ
5095,ខេម ឡេង
5096,ចន្ទ ស៊ីន
5097,ឱក សែន
5098,ចេន ជឿត
5099,សុន លី
5100,ជាម លាង
5101,យុន ពាង់
5102,សៀង ចាន់ណា
5103,ជី ឡុង
5104,ឈិត ចន្ថា
5105,ដាញ់ ហ៊ឹម
5106,ក្រម គុន្ធា
5107,លីវ សុគម
5108,កែវ រតនា
5109,ឈិន អន
5110,កឹម សាវឿន
5111,ឌិត ដែវី
5112,ចេង សម្បត្តិ
5113,ម៉ាក សាំភេះ
5114,ទេព បុប្ផា
5115,ចេង បញ្ញា
5116,ឈិត សំណាង
5117,ឈិត ហាន់
5118,ទិត្យ ទឹក
5119,សុង ស្រីនាថ
5120,អៀវ ភាក្គ្លី
5121,ញឹក ពិសិដ្ឋ
5122,សុង ចន្ថា
5123,ជាម ណារ៉ុង
5124,សុង សុជាតា
5125,ហ៊ឹម ម៉ាឡាន
5126,សាន សោភ័ណ
5127,ឌួង និមល
5128,ឈិន ប៉ែន
5129,ទុំ សុមេធា
5130,មាស សាមៀន
5131,ម៉ាក សេង
5132,តាត ប៊ុន
5133,ស៊ូ ស្រីមុំ
5134,ស៊ុយ ចិន្តា
5135,រស់ ទឹក
5136,យុន យ៉ាន
5137,ឡាយ ស៊ីណា
5138,សាត រ៉ន
5139,កូយ ហុក
5140,តាំង សង
5141,ថន ប៊ុន
5142,សិន ព្រះ
5143,ហូ រតនា
5144,ជិន សារិទ្ធ
5145,សោម ធារិទ្ធ
5146,ហុង ស្បោង
5147,ឱក សិរី
5148,មាន លាភ
5149,កែប ណាត់
5150,អ៊ុយ ស្រីមុំ
5151,ផាន សុជាតា
5152,មាន ថាត់
5153,ផាន រដ្ឋា
5154,ប៉ែន ដារា
5155,ឆន សុគន្ធ
5156,ឆោម ម៉ៅ
5157,ដួង បញ្ញា
5158,កឹម ស្រីមុំ
5159,ពេជ្រ គុន្ធា
5160,ឆោម បុប្ផា
5161,យស់ ភួង
5162,ចាប សុទ្ធា
5163,សៅ សុខ
5164,កូយ តារា
5165,ស្បោង សមាត្រ
5166,សាង ខេម
5167,ថៃ ទេព
5168,ម៉ាក ទឹក
5169,ខៀវ សុភក្ត្រ
5170,អាង ច័ន្ទដារិទ្ធ
5171,ស៊ូ រិន
5172,ចេន សមាត្រ
5173,សរ ឫទ្ធិ
5174,ស៊ន ពិសី
5175,អុង សោភា
5176,អិម រូ
5177,ឆន សុគម
5178,ស៊ីន រដ្ឋា
5179,រស់ ធាន
5180,លន់ ចាង
5181,ជិន កែវមនី
5182,សុន ចំរើន
5183,ឌិត ស្រីពេជ្រ
5184,ស ថាត់
5185,រស់ ម៉ៅ
5186,ញឹក ថាត់
5187,ឱ កញ្ញា
5188,ឌួង ស្រីមុំ
5189,ឡាយ លី
5190,ឱ រតនា
5191,ឌិត ឈូក
5192,សៀង ស្បោង
5193,សាន ចន្ថា
5194,សែន ចាង
5195,វ៉េត កុម្ភៈ
5196,ស្រី ហុក
5197,សោម សារ៉េត
5198,ហូ ច័ន្ទដារិទ្ធ
5199,សៅ ពៅ
5200,យស់ ផាល្លេះ
5201,យុន ម៉ូនីកា
5202,គ្រី ច័ន្ទដារិទ្ធ
5203,លន់ ឆេង
5204,ពេជ្រ ស្រីនាង
5205,សម មាស
5206,សេន ស្រីនិច
5207,ចេង សុខា
5208,សៅ យ៉េន
5209,ណាត់ ឡេង
5210,ពិជ ណារ៉ុង
5211,កែប កុម្ភៈ
5212,ធី ដែវី
5213,ខៀវ ខេមរៈ
5214,លិម ស៊ីណាត
5215,ស្បោង ហ៊ិន
5216,ពិជ ឈិត
5217,មាន ភារៈ
5218,ដួង ពីលីកា
5219,ស៊ន ស្រី
5220,គ្រី ណែន
5221,តាង គឹម
5222,ស៊ីន ណាង
5223,ហុក បញ្ញា
5224,ប៊ុន រឿន
5225,ស សិរី
5226,សួន ទុយ
5227,សឿង លីហ្សា
5228,ប៉ុក សារិទ្ធ
5229,សង ពិរុណ
5230,សាន រ៉េត
5231,ទាវ សាវ៉ាន់
5232,ឃិន ពិជ័យ
5233,ងួន ដែវី
5234,ហូ សុខ
5235,ជ័យ ឡុង
5236,ថៃ សោភ័ណ
5237,មាស ម៉ម
5238,មា ម៉ាលីស
5239,ម៉ៅ បញ្ញា
5240,ស៊ន សូរិយា
5241,លី ប៊ុនថៃ
5242,ខ្លូត ណាង
5243,ទ្រី ស្រីនាង
5244,ឌួង ផា
5245,សង កែវមនី
5246,សាត សុជាតា
5247,ស៊ុន ម៉ាលី
5248,សោម ខេមរៈ
5249,ឌុល ចន្ទ
5250,លន់ នី
5251,ឱក សាវ៉េត
5252,ហុក រតនា
5253,សឺន នី
5254,ជា សាវឿន
5255,ស្រី សោភា
5256,សាយ ចន្ថា
5257,ប្រាក់ សារុន
5258,ឱក បទុម
5259,សុខ មណី
5260,ញឹក ម៉ម
5261,ជាម សុមេធា
5262,ទុំ ណាង
5263,ហ៊ុន សមាត្រ
5264,មាស សាវ៉េត
5265,រស់ ស្រីពេជ្រ
5266,រួយ រដ្ឋា
5267,មា សារឿន
5268,ដួង សុគម
5269,វ៉េត សាវឿន
5270,សេន សិរី
5271,អ៊ុយ សុទ្ធា
5272,ង៉ុយ វិទូ
5273,សែន រិន
5274,សាន វណ្ណា
5275,សេង ណារ៉ុង
5276,ស្នេហា
5277,ស្នេហ៍
5278,ប៉ែន កុលបុត្រ
5279,អ៉ឹម យិនឆាយ
5280,សេង សុទ្ធា
5281,សៀង វិសាល
5282,ប្រើប្រាស់
5283,វែនតា
5284,ដបទឹក
5285,ទូរស័ព្ទ
5286,កីឡា
5287,ប៉ែន កុលនាថ
5288,កេត សុគន្ធា
5289,ខេមរៈ បុត្រា
5290,កាត់សក់
5291,ពណ៌ស
5292,ពណ៌ក្រហម
5293,ពណ៌បៃតង
5294,ពណ៌លឿង
5295,ពណ៌ខ្មៅ
5296,ពណ៌ខៀវ
5297,ឍាមរា
5298,ពន្លឺព្រះអាទិត្យ
5299,មនុស្សលោក
5300,ស៊ីម